device_id,device_type,vendor,firmware_version,cpu_usage,memory_usage,battery_level,mobility_state,trust_score,operational_state
1,Robot,ABB,v2.0,89.33343125998158,55.581409168954195,64.09279695330977,Mobile,0.49,Normal
2,PLC,Bosch,v1.1,77.37112140833314,32.147610817887454,55.05428905986756,Static,0.99,Normal
3,Sensor,Siemens,v2.0,22.723393720373544,20.245067773837945,87.13443159842389,Mobile,0.53,Normal
4,Robot,Siemens,v2.0,84.10059324473288,58.872982035795744,32.854366776947614,Static,0.48,Fault
5,Robot,Siemens,v1.0,14.891143820265468,65.3948093599248,21.997732969363966,Mobile,0.52,Normal
6,PLC,Siemens,v1.0,74.48322522175128,33.67205078225125,55.92310143441007,Static,0.86,Normal
7,Sensor,Rockwell,v2.0,37.352979945509304,58.36244530167353,38.9982845401806,Mobile,0.66,Normal
8,Sensor,Siemens,v1.0,79.62781723783091,39.63481807086275,23.969149867106996,Mobile,0.74,Normal
9,Robot,Rockwell,v1.1,78.78481865913328,63.49051624619633,77.96786294781032,Static,0.41,Normal
10,Actuator,Rockwell,v1.1,73.5036590099978,24.941145617053984,28.9274399965798,Mobile,0.42,Degraded
11,Robot,Siemens,v1.0,72.15258708610021,76.76612519771308,68.66556000062174,Static,0.67,Normal
12,Robot,Siemens,v1.1,30.897726823333468,31.55571973491848,42.48398001335113,Static,0.89,Normal
13,Robot,ABB,v1.0,11.878139059356435,37.58394908171147,33.87968402840176,Static,0.93,Normal
14,Robot,Bosch,v2.0,39.253315195038724,14.356896406026234,50.380121833545395,Static,0.45,Normal
15,PLC,Siemens,v2.0,19.74958377385324,18.36341592409573,84.11566209783629,Static,0.72,Normal
16,Sensor,ABB,v1.1,64.07084255670924,48.68964270342461,51.367486152365814,Mobile,0.95,Normal
17,PLC,ABB,v1.0,34.418476755711765,30.069450754597863,80.06157193688446,Mobile,0.63,Normal
18,PLC,Bosch,v1.0,87.92686707309277,72.66101693066457,30.038903743932053,Mobile,0.9,Normal
19,PLC,Rockwell,v1.1,59.48262657435322,11.102004149121537,81.82171357320632,Static,0.48,Normal
20,Robot,Siemens,v2.0,74.91084790892069,38.43205365039522,38.95466599253189,Mobile,0.96,Fault
21,Actuator,Bosch,v1.1,16.264597183057116,35.30091600768195,74.19145039110983,Mobile,0.85,Normal
22,Sensor,Siemens,v2.0,78.27123099317292,11.449572318820078,65.26252438727971,Mobile,0.96,Degraded
23,Actuator,ABB,v1.0,83.43436119363852,19.327629925038266,94.33157737693499,Mobile,0.81,Normal
24,PLC,ABB,v2.0,46.40026309960955,41.02320061889765,50.98580143802512,Mobile,0.62,Normal
25,PLC,Rockwell,v1.1,56.53149970883308,46.9648438335585,25.293215106755234,Static,0.96,Normal
26,Actuator,ABB,v1.0,70.00883307675461,40.32173104411518,21.532438844100234,Static,0.57,Normal
27,Actuator,ABB,v1.1,19.86128331713507,49.820325880907035,86.14868487782024,Mobile,0.6,Normal
28,Actuator,Bosch,v1.1,47.71811649939261,54.63487561792611,61.978851012914575,Static,0.82,Normal
29,PLC,Siemens,v2.0,38.88635736064661,10.744286584587673,82.01952414679594,Static,0.86,Normal
30,PLC,Siemens,v1.1,17.441789333791174,44.807136959012794,38.75404800092117,Mobile,0.96,Degraded
31,Sensor,Bosch,v2.0,36.240425894780174,82.26244306656912,47.6066996410587,Mobile,0.52,Normal
32,Sensor,Rockwell,v1.0,10.794646297766953,48.927421009716156,22.408309776905515,Static,0.88,Normal
33,PLC,Siemens,v2.0,7.194012090706394,60.815670059421485,96.91938596592897,Mobile,0.84,Normal
34,Actuator,ABB,v1.0,16.489134578159934,33.38978934376624,73.42943253606506,Static,0.44,Degraded
35,Actuator,Siemens,v2.0,86.86478448507978,68.0493533614572,94.6564070207445,Static,0.63,Normal
36,Sensor,ABB,v1.1,51.710010551076444,67.96911114070863,41.23971259432579,Mobile,0.57,Normal
37,PLC,Rockwell,v2.0,87.0948836980237,49.09720357406042,68.91708889805287,Static,0.58,Normal
38,Sensor,Bosch,v2.0,41.762319658061216,83.20103674594102,74.27999746341102,Static,0.99,Normal
39,Sensor,Siemens,v1.0,31.504371312247063,19.416266107199004,45.403976020607075,Static,0.79,Degraded
40,Robot,Bosch,v1.1,48.022058341420745,11.271074866718575,87.8487388012504,Mobile,0.83,Normal
41,Robot,Siemens,v2.0,42.35849353379736,67.7618658817822,95.77291703201982,Mobile,0.99,Normal
42,Robot,ABB,v1.1,13.981498162248233,70.53666530236619,90.78840941568035,Mobile,0.63,Degraded
43,Actuator,Bosch,v2.0,59.47023674866753,19.01554218404322,79.1253580751498,Mobile,0.88,Normal
44,PLC,Siemens,v2.0,23.363245513315967,29.918712471895457,42.19717437799632,Static,0.66,Normal
45,PLC,ABB,v1.1,57.66497616631551,11.316427252497167,42.529283368450535,Mobile,0.92,Normal
46,PLC,Bosch,v2.0,60.26709285384304,31.99814580854235,97.06882563568303,Mobile,0.51,Normal
47,PLC,Bosch,v1.1,17.92211251593509,67.98564054390036,20.822759674855362,Mobile,0.97,Normal
48,Robot,Siemens,v2.0,10.214718304406794,48.84703957844342,77.28399785937157,Mobile,0.53,Normal
49,Actuator,Siemens,v1.0,71.36473481581739,36.107169487621604,76.49969300442098,Static,0.6,Normal
50,Actuator,Siemens,v1.1,44.083036020392214,37.88044711797477,69.81516327598379,Static,0.85,Normal
51,Robot,ABB,v2.0,9.943922617965441,10.101521928660112,99.20870768694927,Static,0.64,Normal
52,Actuator,Siemens,v2.0,89.56363695943021,32.48503956739269,44.95035486109802,Mobile,0.76,Degraded
53,Robot,Bosch,v1.0,9.911347684691165,58.48440562284479,47.197749103459856,Mobile,0.67,Normal
54,PLC,Bosch,v1.1,64.07799445297702,83.06458328622678,26.315152235724444,Static,0.85,Normal
55,Robot,Siemens,v2.0,88.61270864739015,73.52956202379247,55.423850923498996,Mobile,0.54,Normal
56,PLC,Siemens,v1.0,25.33030885835368,11.769622348414684,40.88388209878785,Mobile,0.44,Normal
57,PLC,Rockwell,v2.0,17.091196338411677,77.39204535061295,47.47093617421154,Static,0.58,Normal
58,Sensor,Bosch,v1.1,15.317719850906457,68.73988099739694,86.76574322045022,Static,0.68,Normal
59,Robot,ABB,v2.0,30.77838754324562,68.52820926782353,94.83876108219965,Mobile,0.5,Normal
60,Sensor,Rockwell,v2.0,13.588893935904968,44.34968192526786,34.85864576041485,Mobile,0.61,Normal
61,Robot,Siemens,v2.0,63.83371404400121,39.85039697158771,49.80071452427727,Mobile,0.64,Normal
62,Robot,Siemens,v2.0,10.29480284105533,32.71867966248945,94.29044496923153,Static,0.43,Normal
63,Sensor,Bosch,v1.0,48.300880892732124,14.927114421577432,24.94467685513781,Static,0.75,Normal
64,Sensor,Siemens,v1.0,89.71923257750302,27.117652262027434,27.38884224891028,Static,0.93,Fault
65,Robot,ABB,v1.1,74.1874729080116,28.49527262335185,33.023279136498346,Static,0.49,Normal
66,Actuator,Bosch,v1.0,57.293652249635926,46.30578022826512,67.61702673014997,Mobile,0.76,Normal
67,PLC,Siemens,v1.0,31.03155776686199,66.05833049475206,32.037781680479796,Static,0.8,Normal
68,Sensor,Bosch,v1.1,58.03114608478927,45.535737129846,97.44611051605868,Static,0.65,Degraded
69,PLC,Siemens,v1.0,49.79852443249039,14.338333708537046,55.73716218068163,Mobile,0.82,Normal
70,Actuator,Siemens,v1.0,41.217087630681576,81.83423507411528,60.12143682801331,Mobile,0.65,Normal
71,Actuator,Siemens,v1.1,16.110382022916955,80.70432393205841,39.73268926443252,Mobile,0.7,Normal
72,Actuator,ABB,v1.1,80.36135829543967,68.88921573613064,57.67682019477868,Static,0.4,Degraded
73,Sensor,ABB,v1.1,43.23169514981242,84.34959261731655,72.95309061096091,Mobile,0.82,Normal
74,Actuator,Bosch,v2.0,21.542913504765032,50.83617496001972,80.09417095632342,Mobile,0.8,Normal
75,Sensor,Siemens,v2.0,36.259544824569616,82.20762626899045,80.30944661679304,Static,0.42,Degraded
76,Actuator,Siemens,v1.1,40.201028964958795,15.670378046256308,66.23128901552707,Static,0.62,Degraded
77,PLC,ABB,v1.1,75.34072112318431,37.42605611960285,92.34878199950857,Mobile,0.99,Degraded
78,PLC,Siemens,v1.1,67.35722234771917,26.903595100507438,85.39262778448875,Static,0.65,Normal
79,Robot,ABB,v2.0,70.39091595951389,24.687481310070254,80.56384917589003,Mobile,0.7,Normal
80,PLC,Siemens,v2.0,5.937657476435013,20.560221166950704,24.448441734436848,Mobile,0.95,Normal
81,Robot,Bosch,v1.0,40.37308984527973,56.68102311744975,20.550236977571945,Static,0.83,Normal
82,PLC,Siemens,v1.0,45.914252889002505,68.59913918104789,36.995782175637835,Mobile,0.75,Normal
83,Sensor,Siemens,v1.1,6.6313435299598185,53.37237995652705,73.08188751307618,Static,0.88,Normal
84,PLC,Rockwell,v2.0,27.08412274332791,21.022203219115724,52.89579911060366,Static,0.92,Normal
85,Robot,ABB,v2.0,69.62463496538147,70.83428274501031,52.19250074394494,Static,0.67,Normal
86,Robot,Siemens,v2.0,16.65432498696492,57.69660303727964,90.7669510583691,Mobile,0.69,Normal
87,Actuator,Siemens,v1.1,50.50136117347029,39.112427959524666,91.6450278505471,Static,0.63,Normal
88,Sensor,Rockwell,v1.0,23.29215912146519,60.55977216520472,92.73402112428685,Static,0.98,Normal
89,PLC,Rockwell,v1.1,6.030265844730929,29.492873443212464,45.11024612120218,Mobile,0.82,Normal
90,Actuator,ABB,v1.0,25.502123895961027,35.88941563706579,75.28446501914094,Mobile,0.45,Normal
91,PLC,Rockwell,v1.0,87.94926916735457,78.81143823489927,41.73065450194957,Mobile,0.92,Normal
92,PLC,Bosch,v1.1,73.13065451005411,31.78783792535653,35.24878664595598,Mobile,0.69,Normal
93,Actuator,Rockwell,v1.0,86.56401476728784,45.249120111845244,34.77059658778954,Static,0.44,Normal
94,Actuator,Bosch,v1.0,46.467593733740806,76.7605853047011,47.36860966908752,Static,0.73,Normal
95,Actuator,ABB,v2.0,14.327576887587798,63.07910127006456,54.396609582385736,Static,0.65,Degraded
96,Actuator,ABB,v1.0,51.5765565627639,14.665241962352706,86.47593368440548,Mobile,0.93,Normal
97,Actuator,ABB,v1.1,43.622073437596676,21.047728320922776,29.59128747781697,Mobile,0.52,Normal
98,PLC,ABB,v1.1,76.77035203286735,10.588119307893761,78.79406779159154,Static,0.9,Degraded
99,Actuator,ABB,v1.0,13.33701936666079,57.31913426718725,62.516393135144426,Mobile,0.73,Normal
100,Sensor,Bosch,v2.0,46.50049664685115,43.575506905781374,43.0356274140794,Mobile,0.43,Fault
101,Robot,Bosch,v2.0,17.75413649898866,20.070613817670665,59.42556676262597,Static,0.98,Degraded
102,Actuator,ABB,v1.0,32.5974537856551,81.84505907925778,43.99536558216181,Static,0.71,Normal
103,Actuator,Rockwell,v1.0,67.67535157796297,49.72447929592149,67.68655641906449,Mobile,0.57,Fault
104,PLC,Siemens,v1.1,45.46154099634516,28.14199705846669,54.707513828419536,Mobile,0.68,Normal
105,Actuator,ABB,v1.0,36.95050423739039,47.54526783660307,33.1524423263103,Mobile,0.91,Normal
106,Actuator,Rockwell,v2.0,38.530483678453,60.971524955133084,29.326645964455736,Static,0.58,Normal
107,Actuator,Siemens,v1.0,44.05297531450886,15.717941348017336,63.73565456577041,Static,0.52,Normal
108,PLC,ABB,v1.1,71.72640622614983,30.602786128591898,92.19304266288827,Static,0.48,Degraded
109,Actuator,ABB,v1.1,80.82719855991992,70.52241181629952,47.51661492461484,Static,0.58,Normal
110,Robot,Bosch,v1.1,86.2034483528339,44.474865280199595,78.64000857780985,Static,0.87,Normal
111,PLC,Siemens,v1.1,71.88678783170009,50.99328565242212,72.69290839518135,Mobile,0.68,Normal
112,Robot,Siemens,v1.1,31.809586138581082,42.461200165710196,94.52439314475848,Mobile,0.54,Normal
113,PLC,Rockwell,v1.0,63.49145001735608,13.292495698225384,85.67848138393127,Mobile,0.5,Normal
114,Actuator,Bosch,v1.0,42.19626554470831,22.431233486511694,65.32842071243704,Static,0.6,Normal
115,Robot,Bosch,v1.0,26.64700287391435,43.41562290564182,72.56243985872858,Static,0.96,Degraded
116,PLC,Bosch,v1.0,76.47408425120342,25.688909905594585,91.87091732672279,Static,0.61,Normal
117,Sensor,Bosch,v1.1,8.266239661797625,13.748427149475905,51.96150276695478,Mobile,0.99,Degraded
118,Actuator,Siemens,v2.0,81.649769331511,73.27372480388678,46.143576468622186,Static,0.69,Normal
119,PLC,Siemens,v1.0,44.2255844931024,83.58943968730868,20.86488669081571,Static,0.51,Normal
120,Sensor,ABB,v2.0,59.16212552870384,69.48571554975545,86.12408593531714,Mobile,0.93,Normal
121,PLC,ABB,v1.0,61.04508338749153,74.03386912785002,84.07845603226919,Static,0.68,Normal
122,Sensor,Bosch,v1.0,81.08500796005559,28.148284773778403,28.35636144801211,Mobile,0.83,Normal
123,Actuator,Bosch,v2.0,59.11692298421262,82.04702316348998,66.14859049061602,Static,0.99,Degraded
124,Robot,Bosch,v1.1,57.18435470460525,24.76942783400713,57.11853585335099,Static,0.43,Normal
125,Sensor,ABB,v1.0,10.665423447658647,81.35723577713742,29.496727640728917,Mobile,0.46,Fault
126,PLC,Rockwell,v1.0,49.064681865342344,84.61144704744633,98.44545816485788,Mobile,0.83,Normal
127,Actuator,Rockwell,v1.0,17.76436506944854,63.379210430953655,37.17567099706844,Mobile,0.57,Normal
128,Sensor,ABB,v2.0,67.68187034132627,83.58577988438664,25.37873440724489,Mobile,0.51,Normal
129,PLC,ABB,v1.1,48.53886326907733,52.71548346753278,67.58779036015277,Mobile,0.42,Fault
130,PLC,ABB,v2.0,62.81936123271003,29.465633738206776,79.10933417064261,Mobile,0.41,Normal
131,PLC,ABB,v2.0,8.542196551202663,42.77469142492156,22.595475683774957,Static,0.86,Degraded
132,Sensor,ABB,v1.1,12.207321363893275,54.517070153408945,72.69741109816178,Static,0.48,Degraded
133,Sensor,ABB,v2.0,65.887487985328,15.481117152026124,62.58335007611635,Mobile,0.68,Normal
134,Sensor,Bosch,v1.1,11.127168559887236,56.675744846293455,28.261200710003873,Static,0.76,Normal
135,Robot,Bosch,v1.0,11.05682186004698,83.58833775717208,33.80191015570897,Mobile,0.66,Normal
136,Sensor,Bosch,v1.1,6.029220394965433,24.25807373377957,65.43794378528645,Static,0.42,Normal
137,Sensor,Bosch,v1.0,86.3026188554558,69.44463372162875,43.708609081063074,Mobile,0.87,Normal
138,Sensor,ABB,v2.0,67.6882105540156,78.09240953347145,95.06525829210528,Static,0.41,Normal
139,Robot,Rockwell,v2.0,35.026369722675454,80.77761946151657,85.49921835872406,Static,0.86,Normal
140,Sensor,Siemens,v1.0,30.205524409450693,82.01017033040854,98.68537652109305,Static,0.94,Normal
141,PLC,ABB,v2.0,34.72477452839721,49.1094729041104,40.77366711603312,Static,0.66,Normal
142,Sensor,Siemens,v1.1,70.84555015040046,83.29809309936277,97.57789062383816,Static,0.72,Normal
143,PLC,Rockwell,v1.0,61.216501940985225,66.79826553508292,54.498709583324626,Mobile,0.69,Normal
144,PLC,Bosch,v2.0,20.741623268734774,22.12535771777214,47.801503625100366,Mobile,0.63,Normal
145,PLC,Rockwell,v1.0,19.79929350339717,45.76750798509775,24.02796215754826,Mobile,0.93,Normal
146,Robot,ABB,v1.1,13.363630225638772,63.874838152900296,24.221220628768208,Static,0.94,Degraded
147,Robot,Bosch,v1.1,61.12573117461374,28.55052368643125,75.36090047573238,Mobile,0.6,Normal
148,Robot,ABB,v2.0,69.97167628884756,58.04613876616655,56.63431955472223,Static,0.77,Normal
149,Sensor,Bosch,v1.1,27.52894640762534,59.99503592849644,38.121730082888455,Static,0.96,Normal
150,PLC,Siemens,v1.0,6.780321687627589,22.202480785642443,69.11762450601861,Static,0.98,Normal
151,Robot,Siemens,v1.1,11.984591735496323,52.38139843395672,40.228649460008896,Mobile,0.71,Normal
152,Robot,Siemens,v1.0,87.2681029618276,67.87201832339558,66.2105403475538,Static,0.67,Degraded
153,Sensor,Rockwell,v1.0,30.112806085580722,47.41717484019564,48.73669975861523,Mobile,0.57,Normal
154,Robot,ABB,v1.1,70.38396756624135,10.907733758208057,85.88417812894552,Mobile,0.98,Normal
155,Sensor,Rockwell,v2.0,58.09640335261242,10.677885180946912,85.65569286134235,Static,0.49,Normal
156,Actuator,Siemens,v1.1,37.46486937049615,36.777200797750915,58.188031849792104,Static,0.75,Normal
157,Robot,ABB,v1.0,22.483417286622185,79.46455513238365,48.06552874680125,Mobile,0.57,Normal
158,Actuator,Siemens,v1.0,15.317845543549547,27.15075847027066,49.00478372472756,Mobile,0.57,Normal
159,Sensor,Rockwell,v1.1,57.276102283303665,57.57727666537654,84.45716205345744,Mobile,0.64,Normal
160,PLC,Rockwell,v2.0,70.84387135421198,26.655690301999044,46.25435862380896,Mobile,1.0,Normal
161,Robot,Rockwell,v2.0,59.73186155099611,34.125249224466145,36.72474989654768,Mobile,0.43,Normal
162,Sensor,Siemens,v1.0,50.075681326178454,73.6031567201113,26.775067350024546,Mobile,0.75,Normal
163,PLC,ABB,v1.0,8.565853991689082,64.66460817024601,57.33544967075267,Static,0.45,Fault
164,PLC,ABB,v2.0,87.32154609552262,17.154945798490797,58.570567913587354,Mobile,0.49,Normal
165,Actuator,Siemens,v1.1,72.89070629063885,42.152651573982524,87.27269683223257,Mobile,0.66,Normal
166,Sensor,ABB,v1.0,29.889873119582003,12.187732273394836,37.69909571568512,Mobile,0.71,Normal
167,PLC,Siemens,v1.0,88.2974779955023,46.06676099522567,50.47930189347199,Mobile,0.56,Normal
168,Robot,ABB,v2.0,56.15993511908738,59.682550877580105,84.67245911149527,Static,0.59,Normal
169,Robot,Bosch,v1.1,54.50592594761595,18.887696769861368,85.88988885991787,Static,0.45,Normal
170,Actuator,Bosch,v2.0,68.58622025151023,31.666370418187427,50.768886078301456,Mobile,0.58,Normal
171,PLC,Rockwell,v1.1,74.0004319876617,39.83774691266177,56.729921862934475,Mobile,0.98,Normal
172,Sensor,Bosch,v1.1,60.800681623177724,78.96482684920373,44.262871267942636,Mobile,0.97,Normal
173,Robot,Bosch,v1.1,15.888138441127001,84.4941261567223,94.60439027354496,Static,0.6,Normal
174,PLC,Bosch,v1.0,33.752738009532365,13.368347424671189,29.491501259326427,Static,0.74,Normal
175,PLC,Siemens,v2.0,83.88710942771422,67.0755942621544,94.6999538401176,Static,0.95,Normal
176,Actuator,Bosch,v2.0,24.092327006727412,37.879304980175746,74.70931614682746,Static,0.4,Normal
177,Robot,Bosch,v1.1,36.63419702618863,39.434363967211,62.5257722149385,Static,0.89,Normal
178,Robot,Rockwell,v1.0,41.72653505025666,66.5698730010267,22.61272486275967,Static,0.97,Normal
179,Sensor,Bosch,v1.0,42.34942412402844,78.88198241090565,58.047695345760665,Mobile,0.45,Normal
180,Robot,Bosch,v2.0,57.09986451203467,81.31964458769113,52.61984840021859,Static,0.5,Degraded
181,Sensor,ABB,v1.0,85.16144620830015,53.284193952874055,32.897504958009804,Static,0.98,Normal
182,Robot,Rockwell,v1.0,25.45888050576292,36.78408694753771,72.51276828005255,Mobile,0.72,Normal
183,Actuator,Rockwell,v1.1,15.327616985578036,69.06618143940844,97.69207258946287,Static,0.41,Normal
184,Robot,Rockwell,v1.0,21.78499163809467,28.825103744672518,64.97510488516201,Mobile,0.55,Fault
185,Sensor,Rockwell,v1.1,80.38861651778791,52.305552162513834,77.18026211551566,Static,0.67,Normal
186,Sensor,Rockwell,v2.0,59.89391907569251,36.89338461436549,25.476036205281343,Mobile,0.82,Normal
187,Actuator,Rockwell,v1.0,29.302077085328612,59.24733052809071,53.41335966535958,Mobile,0.84,Normal
188,Robot,Siemens,v2.0,74.35548981233246,28.02991846701302,29.30867881315967,Mobile,1.0,Normal
189,Robot,Bosch,v2.0,78.21644969089206,24.36947093011193,69.02366684292083,Mobile,0.57,Normal
190,Actuator,Rockwell,v1.0,76.95371878867363,78.86793150065778,95.07857265713237,Mobile,0.72,Normal
191,Robot,Bosch,v1.0,83.10875535936214,17.635276221215268,72.94221859773108,Static,0.72,Degraded
192,Robot,Bosch,v2.0,26.440486714735734,47.946843080119876,26.144243865153722,Static,0.64,Fault
193,Sensor,Siemens,v1.0,69.17856394343366,26.56395872222567,48.37329639880663,Mobile,0.5,Normal
194,Robot,Rockwell,v1.1,44.1458572683019,12.919747249425058,64.05307035526812,Mobile,0.99,Normal
195,Robot,ABB,v1.1,76.56987699565524,12.70141137185698,52.256620490660175,Mobile,0.91,Degraded
196,Actuator,Siemens,v1.0,66.92170755873713,23.14163290793705,86.69152083801379,Static,0.7,Normal
197,Actuator,ABB,v2.0,70.99803295247659,75.00777658795002,85.17368037679914,Mobile,0.76,Normal
198,PLC,Bosch,v1.0,60.77375620289108,31.185905798277,68.94648160825771,Mobile,0.54,Normal
199,Sensor,Bosch,v1.0,20.081445404925084,81.28443779314718,49.87663561061642,Mobile,0.73,Normal
200,Robot,Siemens,v2.0,51.327288106239756,53.62167197418952,40.42690990105953,Mobile,0.82,Normal
201,Robot,Siemens,v2.0,88.6969278595832,42.74606423265746,28.469945457050343,Static,0.71,Normal
202,PLC,ABB,v1.1,84.6779856522551,53.5066626002091,48.39181467892432,Mobile,0.99,Normal
203,Robot,Rockwell,v2.0,8.669767542745992,48.75237889197008,53.053801376617564,Mobile,0.77,Normal
204,Sensor,ABB,v1.1,19.009259337002156,66.90821903179938,74.06583400832588,Static,0.62,Normal
205,PLC,Siemens,v2.0,16.196945743637762,31.18720494796392,72.65278594380588,Mobile,0.86,Normal
206,Sensor,ABB,v1.0,66.70829234875012,36.47877937002268,25.608651171300558,Mobile,0.5,Degraded
207,PLC,Siemens,v1.1,74.51175303784034,77.0570726899938,51.620745234492624,Static,0.63,Normal
208,PLC,ABB,v1.1,23.148466136407112,80.9842384862804,34.54230937738895,Static,0.61,Normal
209,Actuator,Siemens,v1.1,47.99747890090546,76.94186706148558,32.54501642534446,Static,0.66,Degraded
210,Sensor,Siemens,v1.0,76.459757380952,41.45859954679852,86.18417197897968,Mobile,0.87,Degraded
211,Robot,Siemens,v1.0,67.2881313051313,68.52741272551613,23.353217337300602,Mobile,0.69,Normal
212,Robot,Rockwell,v1.0,51.0901624668071,45.72517999758241,53.534630072169705,Static,0.88,Normal
213,Sensor,ABB,v1.0,55.179553688995696,47.31548891095766,33.45629246132145,Static,0.75,Normal
214,Robot,ABB,v1.0,48.2106464878838,25.351008179296297,90.34641725427792,Static,0.61,Degraded
215,Robot,ABB,v1.1,30.291618362099747,54.33477274438874,64.56324106200282,Mobile,0.89,Fault
216,Sensor,Siemens,v1.0,53.02686939301637,23.960192331501094,38.51045091014784,Mobile,0.54,Degraded
217,PLC,ABB,v1.1,63.55525067425771,34.86735243003953,60.19418297331011,Static,0.53,Normal
218,Sensor,ABB,v1.0,79.23244784816865,74.12726512149514,78.51890877624926,Mobile,0.7,Normal
219,PLC,Siemens,v2.0,59.08476508823609,25.530685690814142,96.6494407135547,Static,0.56,Normal
220,Robot,Bosch,v1.1,69.69533064866843,15.336871388007461,37.63568033963352,Mobile,0.41,Normal
221,Robot,Siemens,v2.0,18.606088971138703,15.175569445961223,90.89454177034762,Mobile,0.79,Normal
222,Robot,ABB,v1.1,44.23238532568214,80.5588390377331,94.74432913339922,Mobile,0.71,Normal
223,Actuator,Siemens,v2.0,5.7931876853029305,48.019032847137595,93.3136435625653,Mobile,0.67,Normal
224,PLC,Bosch,v1.0,25.967703484337957,40.70590538627637,70.83314854895278,Static,0.98,Normal
225,Actuator,Siemens,v1.0,66.74924578460542,70.81589357559389,70.38565235477662,Mobile,0.74,Normal
226,Actuator,ABB,v1.0,89.30384586469589,72.6869445932887,52.25685065470582,Mobile,0.92,Normal
227,Sensor,Bosch,v1.1,13.430138464913352,34.91432748367035,80.19183058430303,Static,0.48,Normal
228,Actuator,Rockwell,v2.0,39.1270168482095,62.02135431053464,62.50352146807455,Mobile,0.74,Normal
229,Sensor,ABB,v1.0,73.00603233942856,67.83421118889149,74.19504569826356,Static,0.92,Normal
230,Sensor,Bosch,v2.0,22.343028943456403,59.09880151494659,54.27663230790364,Static,0.75,Normal
231,Actuator,Bosch,v2.0,52.18222069069433,21.369630610007455,78.51971712345113,Mobile,0.83,Fault
232,PLC,Rockwell,v1.0,67.31106016252235,75.69123126377927,85.95772140836392,Mobile,0.62,Normal
233,PLC,Siemens,v1.0,57.35876327211522,50.432091455200656,31.71490052822529,Static,0.46,Normal
234,PLC,Siemens,v2.0,20.98210244231037,31.185431977750277,86.63437724593824,Static,0.67,Normal
235,PLC,ABB,v1.0,35.20768833828785,41.89211390782704,63.22372254322458,Static,0.64,Normal
236,PLC,Rockwell,v1.0,71.62230168125876,12.817831779918054,87.57327272721794,Mobile,0.92,Degraded
237,Actuator,Siemens,v1.0,52.10925370122141,19.590010091681314,54.50413650728117,Static,0.55,Normal
238,Actuator,Rockwell,v1.1,5.444517151147583,67.41600628868957,50.3232388306428,Static,0.98,Degraded
239,Robot,Siemens,v2.0,69.68421460238798,10.000872606652461,93.2048586013778,Static,0.97,Normal
240,PLC,Bosch,v2.0,8.001465169920321,41.242437136171915,40.0935414038721,Mobile,0.55,Degraded
241,Actuator,Siemens,v1.1,68.38737153215473,49.188263581419136,87.53698602289145,Static,0.61,Normal
242,Robot,Rockwell,v2.0,22.21084761404518,14.097581500072922,58.72164580075233,Mobile,0.94,Degraded
243,PLC,Bosch,v1.0,86.43624581014731,82.98086222292497,61.12763540410078,Mobile,0.98,Normal
244,Sensor,Bosch,v2.0,36.27496386067718,26.959399843725397,44.67746251915872,Static,0.67,Normal
245,Robot,Bosch,v1.0,32.78918738873672,32.81490397272107,65.84337604952125,Mobile,0.59,Normal
246,Actuator,Rockwell,v1.1,17.655484278257795,32.795688419127046,46.0168957020969,Static,0.72,Degraded
247,Sensor,ABB,v1.0,30.976358316668264,27.281249658801244,23.141553139332185,Mobile,0.81,Normal
248,Sensor,ABB,v2.0,79.51531475539704,10.110536656473355,41.75988842754848,Mobile,0.56,Normal
249,Sensor,ABB,v2.0,89.68841869831603,64.70085955659972,20.510323472527254,Static,0.84,Degraded
250,Robot,Rockwell,v2.0,36.306310093082104,82.5134124849464,98.26838296454854,Static,0.43,Normal
251,Actuator,Bosch,v1.1,43.13190363113612,26.82201124637838,97.2597767855798,Static,0.43,Normal
252,Sensor,ABB,v1.1,66.37602974723265,59.72853938525668,51.6124237977844,Mobile,0.63,Normal
253,PLC,Rockwell,v2.0,80.32664133953134,65.64222452190364,78.26966834717169,Mobile,0.61,Normal
254,Sensor,ABB,v1.0,55.40876840587665,73.63190343178935,47.664487872834,Static,0.59,Degraded
255,Sensor,Siemens,v1.1,38.27968434511549,41.697189776020686,73.68745256687808,Static,0.69,Normal
256,Robot,ABB,v2.0,40.07285647213302,32.719817923032195,84.43440344367832,Mobile,0.59,Normal
257,Robot,ABB,v2.0,64.12754245222858,34.39713505172733,95.74049957537926,Mobile,0.52,Fault
258,Actuator,Bosch,v1.1,5.273552406363688,63.44659998238846,52.01698206797376,Mobile,0.59,Normal
259,PLC,Rockwell,v1.1,57.66509368408646,71.2584599879227,82.66383863648382,Static,0.98,Normal
260,Robot,Bosch,v1.1,35.21690588751538,23.6210475817452,41.274276050569505,Mobile,0.65,Normal
261,Sensor,Bosch,v1.0,72.50677315855216,37.82057561183239,99.22658430349186,Static,0.67,Normal
262,Actuator,Bosch,v1.0,12.904204384966233,77.64551475618626,22.06156790114809,Mobile,0.75,Normal
263,Sensor,Bosch,v2.0,54.99719269061319,70.50201397710543,68.28230452008967,Mobile,0.99,Degraded
264,Sensor,Bosch,v1.1,45.88269564032052,83.86438020718569,72.76047853210616,Static,0.54,Normal
265,Robot,ABB,v1.0,59.59766970194433,66.56861947615606,75.04364456593031,Static,0.81,Normal
266,Actuator,Bosch,v1.1,10.51255553105231,39.489640077094165,29.631006303127123,Static,0.83,Normal
267,PLC,Bosch,v2.0,54.29862193139116,54.29783754959783,95.08238267785043,Mobile,0.76,Normal
268,PLC,Rockwell,v1.0,52.72618997655952,59.576069068549025,34.494662324006626,Mobile,0.45,Degraded
269,Robot,Siemens,v1.0,52.65610802537453,15.884186223784297,69.82027225918728,Mobile,0.81,Degraded
270,Robot,ABB,v1.0,56.29645166069866,50.83727193278988,37.814086329846795,Static,0.44,Normal
271,Actuator,ABB,v2.0,62.49977466424079,63.199062135445715,44.57731336170167,Mobile,0.76,Normal
272,PLC,ABB,v1.1,73.42406497286542,22.54909780007953,63.71668333824995,Static,0.84,Normal
273,PLC,Bosch,v1.0,27.93476121089822,68.54737880691678,53.37547348516612,Static,0.53,Normal
274,PLC,Bosch,v2.0,75.12919986530528,53.782958538558375,32.818048078120505,Static,0.9,Normal
275,Sensor,Bosch,v1.1,47.35173299239356,81.4166339273196,33.674912193667865,Mobile,0.42,Normal
276,PLC,Rockwell,v2.0,11.549953726418149,13.181672365516878,53.451583053023974,Mobile,0.91,Normal
277,Sensor,Siemens,v1.1,9.976828985738232,29.899460316660022,80.58263826204006,Static,0.68,Normal
278,Actuator,Bosch,v2.0,33.41025708916517,55.116540947486804,91.83717174782308,Mobile,0.53,Normal
279,Sensor,Siemens,v1.1,71.71624305447475,32.2419934154448,26.73021298075063,Static,0.48,Normal
280,Actuator,Rockwell,v1.0,65.15287945297784,63.58181230534316,51.44831260475208,Static,0.97,Normal
281,PLC,ABB,v1.1,72.03227199715455,66.92539618914483,28.01964509783013,Mobile,0.44,Normal
282,PLC,Bosch,v2.0,48.96786979753679,17.688697304985585,21.32739845060783,Static,0.52,Normal
283,Actuator,Siemens,v2.0,42.4169148262167,48.53908481550758,72.93749461151653,Static,0.61,Fault
284,Robot,Siemens,v1.1,17.533464770034136,48.16679166932919,68.19595535732702,Mobile,0.77,Normal
285,Actuator,Bosch,v1.0,32.89638405679148,37.69605776616558,33.0415291051909,Static,0.73,Normal
286,Robot,ABB,v1.0,41.8916461247794,79.9693646927254,38.70502664744513,Static,0.48,Normal
287,Sensor,ABB,v1.1,12.531036522767465,72.0629739904916,21.89662029156147,Static,0.57,Degraded
288,Sensor,ABB,v1.1,23.752015980452956,62.290703643222756,86.7957764555523,Static,0.54,Fault
289,Sensor,Rockwell,v2.0,55.8491499954178,63.574497680124814,97.97524768388412,Static,0.53,Normal
290,PLC,Siemens,v1.0,67.53136471033113,44.628710785983934,30.836762943575266,Static,0.65,Normal
291,Sensor,Siemens,v1.1,89.85953846840071,79.0745890822432,38.51801710122385,Static,0.82,Degraded
292,Robot,Siemens,v1.0,84.3146331642024,62.094657043996406,89.47276191575472,Mobile,0.53,Normal
293,Sensor,Rockwell,v1.1,59.61804196049128,64.67357962418623,94.11710383649479,Mobile,0.62,Normal
294,Actuator,Siemens,v1.1,40.80608452999612,74.6268177840509,53.57019062454483,Static,0.63,Normal
295,Actuator,Rockwell,v1.0,59.07507600019978,30.555369200664327,24.049797781525932,Static,0.99,Normal
296,PLC,ABB,v1.1,71.78038753681972,70.53031779000273,23.151346695425552,Mobile,0.97,Normal
297,Actuator,Bosch,v1.1,15.058576228487922,24.643045221736905,65.91598928552084,Mobile,0.88,Normal
298,Robot,Siemens,v2.0,39.8419156241845,35.90064641836659,51.431608711454324,Mobile,0.54,Normal
299,Sensor,Siemens,v1.1,76.38319427902746,35.1707840702382,22.29219420621236,Mobile,0.44,Degraded
300,PLC,ABB,v1.1,37.62580091430874,83.38941012918555,66.66019138500454,Mobile,0.59,Normal
301,Sensor,Bosch,v1.1,53.609143054310856,74.24029178109451,20.904202927121798,Static,0.56,Degraded
302,Sensor,Rockwell,v2.0,54.96039567328685,62.58773961926948,82.98975665194183,Mobile,0.7,Normal
303,Robot,Bosch,v1.0,20.680481516359343,64.52925712115426,44.51462581626973,Mobile,0.87,Normal
304,Actuator,ABB,v2.0,35.79001254044451,52.15545958019283,23.220640240738568,Mobile,0.91,Normal
305,Actuator,ABB,v2.0,33.43345954306423,81.03180003313894,67.06817767865226,Static,0.91,Degraded
306,Sensor,Bosch,v1.0,7.226720225225508,47.21940646617711,51.81475315464438,Static,0.62,Normal
307,PLC,Rockwell,v2.0,7.056299930765196,38.53882824024209,97.90403306857196,Static,0.81,Normal
308,Actuator,Rockwell,v1.0,75.69424871244074,22.227650269869326,63.53589300029618,Static,0.59,Degraded
309,PLC,Siemens,v2.0,28.211018847689054,68.96542391957935,42.019134482960666,Static,0.44,Normal
310,Actuator,Rockwell,v1.0,49.036695130299314,65.08329490566936,76.75510917071799,Static,0.82,Fault
311,PLC,Bosch,v1.1,30.39167375504571,38.82662788931012,41.719360203416905,Mobile,0.41,Normal
312,Robot,ABB,v2.0,84.95773583480394,11.889506046942202,92.3394633126052,Static,0.65,Degraded
313,PLC,Siemens,v2.0,27.040224503590768,72.92479957885081,49.97775764059011,Static,0.6,Normal
314,Robot,Siemens,v2.0,41.520829082809485,10.856348759055523,63.98948502209642,Mobile,0.82,Normal
315,Robot,ABB,v2.0,79.18207129119115,62.77748347217882,24.045848305938307,Static,0.86,Normal
316,PLC,Rockwell,v1.1,76.56435317730373,82.76928322945427,54.08969903617846,Mobile,0.58,Normal
317,Robot,ABB,v2.0,20.81862051693357,42.82459961111526,86.5890831728796,Mobile,0.89,Normal
318,Sensor,Rockwell,v1.1,73.22468133263538,27.623005374696458,84.45190442906735,Static,0.58,Normal
319,Robot,ABB,v1.1,43.94588537272087,62.86532575325363,37.9454847082821,Mobile,0.67,Normal
320,Actuator,Bosch,v1.1,46.05235412725519,71.28461065116889,38.086325680845015,Mobile,0.84,Normal
321,PLC,Rockwell,v1.1,16.34579765535522,50.98227370583855,85.38442497705894,Mobile,0.82,Normal
322,Sensor,Bosch,v1.0,11.851128669355596,82.52764564421096,94.43187361354605,Mobile,0.99,Normal
323,PLC,Siemens,v1.0,66.87484109277004,13.875154124347082,27.628873701840284,Static,0.54,Fault
324,Actuator,ABB,v2.0,47.19919795020048,47.85966987283961,56.00469115409802,Mobile,0.8,Normal
325,Actuator,Siemens,v1.0,42.13230972229026,63.884046049191255,46.996342317138314,Static,0.77,Normal
326,Actuator,Siemens,v1.0,67.00819943545372,74.69803533618843,89.65507643659515,Mobile,0.95,Normal
327,Robot,Siemens,v2.0,70.06859641424433,23.444170893084255,26.6819931744015,Mobile,0.49,Normal
328,Robot,Siemens,v2.0,18.50719425189505,70.00026113227611,36.89007540464299,Mobile,0.85,Normal
329,PLC,ABB,v2.0,56.869137705599506,51.4530306788909,80.19746700691954,Static,0.74,Normal
330,PLC,Siemens,v1.0,16.50509699360327,39.74152614924724,24.103507918497247,Static,0.56,Normal
331,Sensor,ABB,v1.0,68.86688231246887,19.878627143432016,59.40283045714314,Static,0.68,Fault
332,Sensor,ABB,v2.0,60.84118828270686,74.89718191816843,55.3685627743776,Mobile,0.6,Normal
333,PLC,Bosch,v1.1,86.31224279209393,21.795490613478652,46.752094319099896,Mobile,0.75,Normal
334,Robot,Rockwell,v2.0,10.8614313902958,33.23408944068244,51.565785225513906,Mobile,0.93,Normal
335,Actuator,Rockwell,v1.1,9.849651297856617,31.753414897182765,62.39524695441864,Mobile,0.74,Normal
336,PLC,ABB,v1.1,28.985901348922013,75.35605256431407,32.90938867107065,Static,0.78,Normal
337,Sensor,Bosch,v2.0,27.244983117552007,60.45272456566735,65.75967026268742,Mobile,0.71,Normal
338,Robot,ABB,v2.0,25.993197921119986,69.75110478935292,84.4345863439989,Static,0.43,Normal
339,PLC,ABB,v2.0,82.03163934428812,28.785092409437425,80.81287438321272,Mobile,0.54,Normal
340,PLC,ABB,v1.0,26.211426987208018,56.86555747052492,32.311992375501895,Static,0.7,Normal
341,Robot,Bosch,v1.1,28.115726720933633,52.88094873578115,31.939957579317912,Static,0.59,Normal
342,PLC,Rockwell,v1.0,69.54885230552692,72.46227825912032,41.453949419593066,Mobile,0.51,Degraded
343,Robot,Bosch,v1.0,43.2278866082959,77.95652953609454,48.88597810728298,Mobile,0.7,Normal
344,Actuator,Siemens,v2.0,71.0203973411904,10.911757860804011,52.67644651267861,Static,0.59,Degraded
345,Robot,Bosch,v1.0,10.556123392972745,60.551493929409446,74.37577734666762,Mobile,0.55,Degraded
346,Robot,Bosch,v2.0,46.443551462237664,13.887684933979676,24.534434573266832,Mobile,0.68,Normal
347,Robot,Bosch,v1.1,7.857156015579024,51.164399880801696,22.77381633808531,Static,0.48,Normal
348,PLC,Bosch,v2.0,10.325522293705134,31.572454678275864,51.35284503551272,Static,0.96,Normal
349,PLC,Rockwell,v1.0,82.04718353427494,33.00824496416059,75.77309537103844,Static,0.92,Degraded
350,Robot,Siemens,v1.0,16.83585654499559,36.47188775892674,35.47482743651861,Static,0.82,Normal
351,PLC,Rockwell,v2.0,50.25575799339345,56.59693367872076,71.32035850050013,Mobile,0.46,Normal
352,Sensor,Rockwell,v2.0,39.943126221060055,35.053747425157695,40.786251035223955,Static,0.87,Normal
353,Sensor,Bosch,v1.0,34.52418273200163,64.95242879427103,90.8868887050813,Static,0.88,Degraded
354,PLC,ABB,v1.1,81.48583438341817,40.339553918040224,91.65519554132932,Static,0.86,Normal
355,PLC,ABB,v1.1,6.854988725916607,15.126490023246896,43.78297634250612,Mobile,0.47,Fault
356,Robot,Rockwell,v2.0,61.422123324925074,68.78198818630804,38.39950031705924,Static,0.79,Normal
357,Actuator,Rockwell,v1.1,86.88852690815179,31.43187434445295,52.9043177652985,Mobile,0.9,Normal
358,PLC,Bosch,v1.0,52.61429559425657,42.457515969944694,39.242526814411896,Static,0.75,Normal
359,Sensor,Rockwell,v2.0,84.62990927281281,61.408291241642615,73.79070746333629,Static,0.79,Normal
360,Robot,Bosch,v1.0,9.44191973931202,34.9342117861534,86.08517476386284,Mobile,0.68,Normal
361,PLC,ABB,v1.0,40.59743212130372,14.243924211003673,73.84737047289735,Static,0.72,Normal
362,Sensor,ABB,v1.1,27.113412231774348,38.04407852596102,85.94803577994796,Static,0.42,Fault
363,Sensor,Siemens,v2.0,67.11978202336203,80.83364370207276,51.75937297659793,Mobile,0.78,Normal
364,Actuator,ABB,v2.0,88.41025269226597,58.130079797391865,32.50535765670887,Static,0.45,Degraded
365,Robot,Rockwell,v1.1,26.805055307761062,60.36093615004052,79.03607579180738,Static,0.66,Normal
366,Robot,ABB,v1.0,60.60484112529633,57.42116152282299,48.83796041132431,Static,0.58,Degraded
367,Actuator,Bosch,v1.0,21.838298784577912,24.92441042195776,73.7016660183306,Static,0.73,Normal
368,Actuator,ABB,v1.0,53.05307163858684,41.37503980767101,41.65151535854125,Mobile,0.48,Degraded
369,Robot,Siemens,v1.0,44.43426136850858,66.32048487724887,26.49837078453381,Static,0.81,Degraded
370,Robot,ABB,v2.0,87.62045301868065,17.602967316486936,99.40654363902107,Mobile,0.88,Normal
371,PLC,Bosch,v2.0,56.72481817919966,30.83895820672842,32.49612063444794,Static,0.5,Normal
372,PLC,Bosch,v1.1,34.7080416273796,30.72393313493902,99.07367951707849,Mobile,0.46,Normal
373,Actuator,Rockwell,v1.1,14.698141715474337,42.40141956958795,98.18239460531578,Static,0.49,Normal
374,PLC,ABB,v2.0,17.855980442469438,83.52765557066388,83.50544831264317,Mobile,0.93,Degraded
375,Sensor,Bosch,v2.0,24.151939045854984,15.062691001286645,72.7538369665598,Static,0.72,Normal
376,PLC,Siemens,v1.0,26.33216621392533,48.90257457854463,66.22456402008677,Mobile,0.68,Normal
377,PLC,Rockwell,v1.0,77.30236491649671,23.45235115091578,89.28812363022678,Mobile,0.46,Normal
378,Sensor,Siemens,v1.1,52.70393700401462,82.8007409057308,43.15516172955903,Static,0.79,Degraded
379,Actuator,ABB,v2.0,49.48822746682115,18.497762854559817,57.41449699879016,Mobile,0.92,Fault
380,Sensor,ABB,v1.1,14.755354108883484,40.27007517711934,69.55119754932015,Static,0.9,Normal
381,PLC,ABB,v2.0,78.11187393470198,65.34137386259546,52.895238069559284,Static,0.78,Normal
382,Actuator,Rockwell,v1.0,66.43921577272111,62.841582102058396,54.19891632722144,Static,0.45,Normal
383,PLC,Bosch,v1.1,10.751810761500135,41.70464776704492,46.422773400166754,Static,0.47,Normal
384,Sensor,Rockwell,v1.1,65.16598326453034,35.98931259645387,65.13854533476288,Static,0.43,Normal
385,Sensor,Siemens,v2.0,51.200748474124914,39.820928391465294,88.04596224120928,Mobile,0.55,Normal
386,PLC,Rockwell,v1.0,11.946654388476151,29.820719736897946,36.12227024050503,Static,0.48,Normal
387,Robot,Siemens,v1.1,43.955554529935796,25.399970403009988,94.75464310027532,Static,0.56,Normal
388,Robot,Rockwell,v1.0,46.199184406053995,46.22797731691675,75.12701229985836,Static,0.63,Normal
389,Sensor,Bosch,v1.1,19.09083591387844,30.140031705070548,85.86185701440242,Static,0.97,Normal
390,Sensor,Siemens,v1.0,85.384342495024,31.55962486729376,64.49525541040093,Static,0.77,Normal
391,Robot,ABB,v2.0,77.24790657585626,59.25670476059178,82.36133611392508,Static,0.9,Normal
392,Robot,ABB,v1.1,61.86689867297421,82.64029987749191,21.296031787157375,Mobile,0.83,Normal
393,PLC,Rockwell,v1.1,44.29512268505161,55.27279004195313,85.47043398236282,Mobile,0.47,Normal
394,PLC,ABB,v1.0,40.000071034683224,15.77346002987247,23.211108726829323,Static,0.84,Normal
395,Robot,Siemens,v1.0,60.332744707831104,15.668771039055024,91.193070109029,Mobile,0.57,Normal
396,PLC,ABB,v1.1,51.361708899586965,81.35674156341744,99.35701977909146,Static,0.78,Fault
397,PLC,Bosch,v2.0,10.293213999960276,32.29680927305002,43.525396974142225,Static,0.6,Normal
398,Actuator,Bosch,v1.0,48.5627251454782,16.90502395618566,36.82548450286349,Static,1.0,Normal
399,PLC,Rockwell,v1.0,73.54430746479136,54.92834403627862,81.22906910864326,Static,0.56,Normal
400,Sensor,Siemens,v1.0,44.035389595741435,56.773658371769955,40.242107273620256,Static,0.57,Normal
401,PLC,Bosch,v1.1,9.416309092112815,58.63786150890161,89.24499065377628,Mobile,0.96,Normal
402,PLC,Bosch,v1.1,71.83364694764282,30.055152089315598,28.227407372598137,Mobile,0.41,Normal
403,Robot,Siemens,v1.1,22.115921481557823,11.133301316085628,30.076415710348662,Mobile,0.82,Normal
404,Sensor,ABB,v1.1,26.982770965483297,82.37615270908539,98.33212440804925,Mobile,0.84,Normal
405,PLC,ABB,v2.0,19.00004004174515,28.816978426832687,73.90711186160037,Static,0.9,Normal
406,PLC,Rockwell,v2.0,33.06828051407729,60.70197160394106,87.75097795431623,Mobile,0.98,Normal
407,Actuator,ABB,v1.1,69.32387798353398,62.99724024090322,45.94635018812144,Static,0.99,Normal
408,PLC,Siemens,v2.0,49.14779805783468,55.750556280961426,74.11869996164836,Mobile,0.44,Normal
409,PLC,Bosch,v1.0,22.414908302810566,33.46805456602362,67.53934618468777,Mobile,0.89,Normal
410,Actuator,ABB,v1.0,79.61555664292347,30.332219032304934,68.25200960983577,Mobile,0.79,Degraded
411,Robot,Rockwell,v1.0,79.76445767087998,54.82512120270273,74.60259676301773,Mobile,0.79,Normal
412,PLC,ABB,v1.1,78.99916612891059,74.95717252087687,66.02873385032788,Static,0.48,Normal
413,Actuator,Siemens,v1.0,25.29767796743084,81.00502966925467,54.324989544213274,Mobile,0.79,Degraded
414,Sensor,Rockwell,v2.0,43.35534425538399,17.942935330281824,42.07381555044375,Mobile,0.99,Normal
415,Robot,ABB,v1.1,88.72412077197438,21.61214594482899,81.48650647305615,Static,0.95,Normal
416,Sensor,Rockwell,v2.0,70.62106048634918,80.85521940873097,38.101794400254896,Static,0.66,Normal
417,Sensor,Siemens,v1.0,7.309230804172584,65.24014212510944,75.38834449235313,Mobile,0.42,Degraded
418,Actuator,Bosch,v1.0,10.542390257141825,76.22453686223298,38.66662581194613,Static,0.62,Degraded
419,PLC,Siemens,v1.0,44.43416702904828,25.197447560150735,70.02641359635632,Static,0.9,Normal
420,Actuator,Siemens,v1.1,82.28371749823262,54.06894033320514,79.76626137032231,Static,0.82,Normal
421,Actuator,Siemens,v2.0,50.78965282598071,62.58546958131053,37.497111112523136,Mobile,0.68,Normal
422,Actuator,Siemens,v1.1,47.314063182914666,61.00839140852295,24.795464068904664,Static,0.43,Normal
423,Actuator,Bosch,v1.1,13.9652644963136,40.61137681500236,30.477899439533928,Mobile,0.66,Normal
424,Robot,Bosch,v1.0,60.82630890156499,11.154616876848136,68.47975738168203,Mobile,0.68,Normal
425,PLC,Rockwell,v1.1,74.87876865101917,53.719454260319736,87.95571249805884,Mobile,0.96,Normal
426,Sensor,ABB,v1.1,37.3357006381428,28.982615438470656,23.59974569883395,Mobile,0.78,Normal
427,Sensor,Bosch,v1.0,70.92700732865283,43.769068460716774,78.7321007233317,Static,0.59,Normal
428,PLC,Bosch,v1.1,86.98051558156898,81.81857613128629,47.305491676004166,Mobile,0.72,Normal
429,Sensor,ABB,v1.0,22.320149025853574,39.92764882318261,58.2822695935618,Static,0.44,Normal
430,PLC,Bosch,v1.0,49.48301865155301,72.98512049983201,94.30876398764525,Mobile,0.98,Degraded
431,Sensor,Siemens,v1.0,29.406726437188922,24.140545431193836,46.557720378867636,Static,0.62,Normal
432,Actuator,Siemens,v1.0,72.39262561787635,60.43453735187716,57.22695471515888,Mobile,0.69,Normal
433,Sensor,ABB,v1.1,54.095436099898386,83.27552158292076,21.09459318085449,Static,0.61,Normal
434,PLC,Rockwell,v1.0,58.93950549177582,17.641982565470258,26.52789760038707,Mobile,0.81,Normal
435,PLC,Rockwell,v1.0,72.822703567351,10.6239956670394,40.68732729078272,Mobile,0.8,Degraded
436,PLC,ABB,v1.1,38.65749017630866,42.51870944744608,22.228179265685952,Static,0.83,Normal
437,PLC,ABB,v1.1,82.78265581459867,16.94691122885254,70.51002608386008,Mobile,0.56,Normal
438,PLC,Siemens,v2.0,50.307453715921895,66.12882622571735,54.111868544129806,Mobile,0.59,Normal
439,Robot,Rockwell,v1.1,18.42615994100458,78.59114978864191,63.85161621824176,Mobile,0.48,Normal
440,Robot,Bosch,v1.1,64.1514250443482,42.551572953156914,33.971774871706366,Static,0.79,Degraded
441,Sensor,Siemens,v2.0,72.42721478725163,29.40337316165807,43.67456235492929,Mobile,0.42,Normal
442,PLC,ABB,v1.1,31.92474255073977,42.58024892549573,73.10595798821801,Mobile,0.76,Normal
443,Sensor,Rockwell,v1.1,77.860236844894,64.25858633875008,97.22421789043199,Static,0.92,Normal
444,PLC,Bosch,v1.1,82.02217665509015,10.679062118527824,24.033341888176736,Static,0.93,Normal
445,PLC,Bosch,v1.1,28.53688142711376,54.20904921135229,91.23074566842129,Static,0.67,Degraded
446,Robot,Siemens,v2.0,88.59932518079387,55.99687636655343,66.15049610489667,Static,0.68,Normal
447,Robot,Rockwell,v1.1,16.960479884144466,57.826618517195165,65.1135653404499,Static,0.45,Degraded
448,Actuator,Rockwell,v1.1,22.171331814211648,28.15165599856579,60.02228281662083,Mobile,0.8,Normal
449,Robot,ABB,v2.0,20.65911133523222,63.55395425335951,25.55152687233467,Mobile,0.89,Normal
450,Actuator,Rockwell,v1.0,80.98912535066898,16.85436147488323,27.19014813889285,Mobile,0.55,Normal
451,Actuator,Rockwell,v2.0,60.614866947621756,24.94527523501006,68.07296045272689,Static,0.65,Normal
452,Actuator,Siemens,v1.0,17.928864073893195,75.81025349908614,47.27668571484466,Mobile,0.9,Normal
453,Actuator,Rockwell,v2.0,42.42749056130966,65.40423630449249,93.38144532621445,Static,0.93,Normal
454,Actuator,Bosch,v2.0,57.30033213093317,11.030916550850893,52.52724298875778,Static,0.55,Normal
455,Sensor,Siemens,v1.1,12.09444722409758,28.628219527735016,31.46251669621129,Mobile,0.73,Normal
456,Robot,Siemens,v1.0,80.0053913146238,26.08048622448734,77.17750668016288,Static,0.52,Normal
457,Actuator,ABB,v1.1,73.30630051253048,30.310474602772942,43.46827371528079,Static,0.46,Normal
458,PLC,Rockwell,v1.0,47.94257575401425,28.56698277099148,62.03762458847145,Mobile,0.95,Normal
459,Robot,ABB,v2.0,87.20576229702948,14.68947218071343,75.8266228404136,Static,0.89,Normal
460,Robot,Bosch,v2.0,40.509683238383474,44.42053874476152,92.02112889616564,Static,0.86,Normal
461,Actuator,Siemens,v1.0,88.64937711810231,64.95501060896238,83.37529558413408,Mobile,0.43,Degraded
462,Sensor,Siemens,v1.1,61.7731998983083,55.50487935380773,74.10888542981793,Static,0.91,Normal
463,Actuator,Siemens,v1.1,58.94705822658502,60.46537514485598,74.37065459161148,Static,0.66,Degraded
464,Sensor,Bosch,v1.1,19.106166100141724,16.086188390217934,95.67397152256692,Mobile,0.61,Normal
465,PLC,Bosch,v1.1,79.96385945589473,81.36180326325903,43.66592779972288,Mobile,0.73,Normal
466,Robot,ABB,v2.0,41.33662347325229,72.88688753822686,20.08896753569499,Mobile,0.45,Normal
467,PLC,ABB,v2.0,18.789839491510747,70.3817738871747,41.7563647518559,Mobile,0.85,Normal
468,Sensor,ABB,v2.0,6.071639197939518,71.72378537813256,37.43131037013952,Static,0.75,Normal
469,Sensor,Rockwell,v2.0,52.57923310926252,79.9532881099571,72.94676680911985,Static,0.51,Normal
470,PLC,Siemens,v2.0,49.828967880427484,50.81904745852733,70.69692798124233,Mobile,0.51,Normal
471,Sensor,Siemens,v1.1,66.14505790137848,25.021151340071942,67.4769106163779,Static,0.51,Normal
472,PLC,ABB,v1.1,80.67193450651318,56.258770588940585,21.299475456756298,Static,0.43,Normal
473,Robot,Siemens,v1.1,11.74955969465751,65.71611202509543,78.3022443560518,Mobile,0.75,Degraded
474,PLC,ABB,v1.1,67.1772016789308,65.34380450155192,45.88243299883932,Mobile,0.9,Normal
475,Robot,Rockwell,v2.0,20.930015248294488,49.10867681251601,73.2044791205305,Static,0.41,Normal
476,PLC,Rockwell,v2.0,77.94504951835894,15.134403950018354,64.52627428017226,Mobile,0.43,Normal
477,Sensor,Bosch,v2.0,74.62039867824078,37.83347038225959,47.418474034232574,Mobile,0.74,Normal
478,PLC,Rockwell,v1.0,50.96746917377127,79.0574956347518,30.76610136832862,Mobile,0.89,Normal
479,Sensor,ABB,v1.1,65.37063788298147,53.83366823180695,27.553511812838476,Static,0.6,Normal
480,PLC,Rockwell,v1.1,31.719759620618614,50.37489574417851,86.52146664897788,Mobile,0.61,Degraded
481,PLC,Bosch,v2.0,45.04927140928925,30.164013578664512,93.47180336652464,Static,0.76,Normal
482,Actuator,Siemens,v1.1,74.83913630539008,37.63366899374341,71.98304374114397,Static,0.56,Normal
483,Sensor,ABB,v1.1,44.03754175972318,77.15095668648769,28.27472918883867,Static,0.42,Degraded
484,Actuator,Siemens,v2.0,35.41285255266256,59.98472856451268,52.162177351059256,Mobile,0.84,Degraded
485,Sensor,Bosch,v1.0,47.00805801627549,69.05402700642497,78.31513600841258,Mobile,0.78,Normal
486,Actuator,Bosch,v1.0,75.40118645716356,44.07590673007414,82.38567072080545,Mobile,0.75,Degraded
487,Robot,Bosch,v1.0,33.49268402652418,57.268541459211846,29.457489783287087,Mobile,0.85,Normal
488,PLC,Siemens,v2.0,19.769735416538225,28.628770655740563,20.002457507630595,Mobile,0.81,Degraded
489,Sensor,Siemens,v1.1,65.52119172811636,62.90956227126147,76.9709636704484,Static,0.52,Normal
490,Sensor,Siemens,v2.0,75.20814808018696,42.0701000277503,48.52769407889645,Static,0.61,Normal
491,PLC,Siemens,v2.0,13.554185674500333,43.19091361110592,40.35850652946082,Static,0.48,Normal
492,Sensor,Bosch,v1.1,25.3892995842553,58.69917434326612,21.031797583162035,Mobile,0.48,Normal
493,Sensor,Bosch,v1.0,17.06761912968448,80.2210466101695,63.223952540919974,Static,0.81,Normal
494,Actuator,ABB,v1.0,34.575019984484165,14.800475995646568,88.09205883407854,Static,0.92,Normal
495,Sensor,ABB,v2.0,43.27983320696008,71.85574280102557,96.61053170180703,Mobile,0.98,Normal
496,Robot,Siemens,v1.0,68.65023864188106,31.928733280914482,65.25959604906313,Mobile,0.78,Normal
497,Robot,Rockwell,v2.0,60.3475447149423,43.29395908797834,61.156906219191534,Static,0.51,Normal
498,PLC,Rockwell,v2.0,57.77892823566665,11.643499658125672,26.80451083913929,Static,0.46,Normal
499,Sensor,Bosch,v1.1,34.951870461820626,32.57845583757348,63.90982412340798,Mobile,0.89,Normal
500,PLC,Bosch,v1.1,76.5230420122046,47.697343197259784,50.39832631723157,Mobile,0.75,Normal
501,Robot,Bosch,v1.1,45.05940922884399,14.213205801057926,68.57082247068615,Mobile,0.77,Degraded
502,Sensor,ABB,v2.0,88.22391973128813,46.83217970373739,51.09810783012374,Mobile,0.87,Normal
503,Sensor,ABB,v1.1,58.90208175513763,79.53329716438205,39.22392987602934,Static,0.82,Normal
504,PLC,Bosch,v1.0,15.732503032982732,17.90449135808539,27.59722201827012,Static,0.9,Normal
505,Robot,Bosch,v1.0,62.47509277641189,67.33305460566282,45.19347556711166,Mobile,0.43,Normal
506,Sensor,Bosch,v2.0,32.63384131169441,40.72532900319945,27.73158674302018,Static,0.85,Normal
507,PLC,Rockwell,v2.0,63.33781171831828,59.13802858932535,34.15175606591872,Static,0.91,Normal
508,Robot,ABB,v1.1,10.919497593804488,29.517744848892203,98.98689268636367,Mobile,0.57,Degraded
509,PLC,Rockwell,v2.0,19.86492215995655,21.96191969060187,55.52828455252949,Static,0.78,Normal
510,Actuator,Rockwell,v2.0,77.73766700699184,22.034696070341983,62.549741320401324,Static,0.59,Normal
511,Sensor,Bosch,v1.0,24.310262346998766,15.28689592323585,89.88948229897723,Static,0.97,Normal
512,Actuator,Bosch,v1.0,76.1484956456499,23.92350286759323,99.64551203925502,Mobile,0.42,Degraded
513,Robot,Siemens,v1.1,28.738467518624887,59.81645387417262,66.61715594757453,Mobile,0.75,Normal
514,Actuator,Siemens,v2.0,59.64496235499015,76.1267958882631,84.99790568353373,Static,0.5,Normal
515,Actuator,Rockwell,v2.0,64.00279874833564,71.05942641933714,46.155281946934025,Mobile,0.83,Normal
516,Robot,ABB,v1.0,48.5756540173295,61.38507324058631,44.459516595783285,Mobile,0.51,Normal
517,PLC,Bosch,v2.0,30.95140751922216,18.2823897558327,52.21629767956482,Mobile,0.54,Normal
518,Actuator,Bosch,v1.0,23.07477199154317,31.689058472196237,73.80058101389193,Static,0.7,Normal
519,PLC,Rockwell,v1.1,7.821095137806228,33.235515649185174,74.5753351404079,Static,0.95,Degraded
520,Actuator,Siemens,v1.0,30.835444105461523,28.74677097982159,45.21915477195606,Mobile,0.53,Normal
521,PLC,ABB,v2.0,60.51883719515906,48.625424478229235,30.656793930930295,Static,0.49,Normal
522,Robot,Siemens,v1.1,84.75590956812103,50.16653611597544,70.59170051724068,Static,0.86,Normal
523,Actuator,Siemens,v1.0,79.05238099235942,36.766448137833265,30.266068975101163,Static,0.7,Normal
524,Robot,Siemens,v1.0,70.11550600550072,36.5341869052327,66.2794006583464,Static,0.95,Normal
525,Actuator,Siemens,v1.1,72.01802417653039,72.1416698429561,75.47377024450472,Static,0.49,Normal
526,Robot,Bosch,v1.1,61.5237167954596,69.19696362397642,76.04891971155612,Mobile,0.79,Normal
527,Robot,Bosch,v1.0,27.124382893110255,33.084687376055925,80.27776885276774,Static,0.54,Normal
528,Actuator,Siemens,v2.0,82.11157760999554,78.53413329049445,89.82875372525316,Static,0.49,Normal
529,Actuator,ABB,v1.0,62.01224651199589,81.46112627518795,59.996719357183075,Static,0.81,Normal
530,Actuator,Rockwell,v1.1,52.637453633337394,34.505690652253065,78.4199351623657,Mobile,0.76,Degraded
531,Sensor,ABB,v1.0,14.434104883145892,36.581871159479114,69.53381882926693,Mobile,0.85,Normal
532,PLC,ABB,v1.1,42.99972122354616,47.922561506646915,34.93119518381461,Mobile,0.59,Normal
533,Sensor,ABB,v1.1,44.13045305216374,80.58406094002551,22.055171589552653,Static,0.67,Normal
534,Sensor,Siemens,v2.0,78.48790680942695,75.72395748567337,42.7633108541547,Mobile,0.64,Normal
535,Robot,Bosch,v1.1,51.46509871596202,17.692597193769235,55.44269650700955,Mobile,0.99,Degraded
536,Actuator,ABB,v1.1,37.33404666248482,39.45480574535622,69.3684755542925,Mobile,0.58,Normal
537,PLC,Siemens,v2.0,88.02802792340604,51.50283923123289,87.99674644025643,Mobile,0.58,Normal
538,Robot,ABB,v1.1,14.411250432736832,47.7349354413655,35.69965733649325,Static,0.61,Normal
539,Sensor,ABB,v2.0,40.916616406515296,24.53973009526695,30.04398319187817,Mobile,0.74,Normal
540,Actuator,Siemens,v2.0,8.57209738956945,74.4112578376116,97.0783957979462,Mobile,0.55,Normal
541,Robot,Bosch,v1.1,67.89185026518908,60.7705587247628,28.643564750112567,Static,0.95,Normal
542,Actuator,Bosch,v1.1,83.03650693692781,72.84312811388527,58.27928560857514,Static,0.56,Degraded
543,Robot,Rockwell,v1.0,28.803173011791603,74.40732095121041,66.84509830346414,Mobile,0.94,Degraded
544,Actuator,Siemens,v2.0,77.95904252792528,66.12668902493049,63.30995367259506,Static,0.46,Normal
545,Sensor,Rockwell,v1.0,29.83854958926131,42.9407950937288,26.882572562635456,Mobile,0.79,Normal
546,PLC,Rockwell,v1.1,82.4154637397328,55.79100662615684,24.56215312028955,Static,0.94,Degraded
547,Sensor,Rockwell,v1.0,69.08676180572664,22.027405458980738,28.438674196882854,Static,0.5,Normal
548,PLC,Bosch,v2.0,73.41707603152229,60.52340631061808,66.847014709809,Mobile,0.98,Normal
549,Actuator,Siemens,v1.0,6.530557226038632,23.443994180446055,63.54759101074569,Static,0.67,Normal
550,Robot,Rockwell,v2.0,86.8388803512922,62.04621928826176,38.69926336293954,Mobile,0.97,Degraded
551,Sensor,Siemens,v1.1,66.76703432597748,27.21986205654765,71.02193134764732,Static,0.81,Degraded
552,PLC,Siemens,v1.1,30.90384310782133,18.8163475112665,85.60540016445195,Mobile,0.58,Normal
553,Sensor,Bosch,v2.0,75.49854651300198,22.39633676072181,23.3263167877275,Static,0.51,Normal
554,PLC,Rockwell,v1.1,28.929301865269046,10.14941014143027,59.85039548384339,Static,0.58,Normal
555,Sensor,Rockwell,v1.1,79.18407636312088,63.90547133901477,75.14483296821523,Static,0.46,Normal
556,PLC,Siemens,v1.1,14.569333185014646,64.93007867937843,40.184954165574965,Static,0.49,Normal
557,PLC,ABB,v1.1,64.81330808416763,48.62000124349446,44.621672423451926,Static,0.46,Normal
558,Actuator,Bosch,v2.0,50.95937051481738,22.102210079153778,69.0910322391507,Mobile,0.65,Normal
559,PLC,Bosch,v1.0,13.205429966612469,16.26657531330173,91.83482347549895,Static,0.88,Degraded
560,Actuator,Bosch,v1.0,25.560975402001315,11.434672482796525,84.79395362423195,Mobile,0.48,Normal
561,PLC,Bosch,v1.1,6.054343083571757,22.431113272391553,66.65041752796668,Mobile,0.48,Normal
562,Robot,Rockwell,v1.0,44.84527706448299,76.814165123736,78.41773742057994,Mobile,0.79,Normal
563,Robot,Rockwell,v1.0,30.60754716460003,28.115263127626132,49.185797616623894,Static,0.52,Normal
564,Robot,ABB,v1.1,55.8603861653095,36.57034954129118,71.27724224790062,Mobile,0.46,Normal
565,PLC,Bosch,v1.1,30.26521365523246,17.900911336099988,57.294527290204556,Static,0.5,Fault
566,Actuator,Bosch,v1.0,30.493124478093698,26.67709785611277,35.19489091660488,Mobile,0.95,Degraded
567,Actuator,Siemens,v2.0,68.17142189218629,48.94184280851538,76.13906191018057,Mobile,0.89,Normal
568,PLC,Rockwell,v1.1,9.092141058160042,55.58145123217394,64.51717098790576,Mobile,0.61,Normal
569,Robot,Bosch,v2.0,81.74607459131892,28.40142356246583,48.68972655628731,Mobile,0.79,Degraded
570,Robot,ABB,v1.0,77.44242932325042,14.32991194188379,92.90713520629046,Mobile,0.72,Normal
571,Actuator,ABB,v1.1,61.763398074244556,39.327465184554896,21.67472942613866,Static,0.81,Normal
572,Robot,Rockwell,v2.0,55.423833459127664,27.56525281947506,45.26185209995968,Mobile,0.81,Normal
573,Sensor,ABB,v1.1,80.84571234187044,26.466544242235145,24.550511822211725,Mobile,0.78,Degraded
574,Actuator,ABB,v1.0,20.753065259940726,81.98971020350915,81.32218529773017,Static,0.56,Normal
575,Robot,Rockwell,v2.0,11.712378786220432,56.2225364444293,76.16859632910341,Static,0.42,Normal
576,Actuator,Bosch,v1.0,25.358364442310737,51.76588323790719,46.50817749890536,Static,0.67,Degraded
577,Sensor,Bosch,v1.0,72.53915368951617,41.183132764249144,74.05303217656584,Mobile,0.93,Normal
578,Actuator,ABB,v1.1,7.946972671751082,42.17082500726082,51.67497809567599,Mobile,0.74,Normal
579,Actuator,ABB,v2.0,54.53858098209662,50.56787528785606,80.50030331379475,Mobile,0.9,Normal
580,Actuator,Bosch,v1.0,89.61218887626134,62.23223552770804,56.334693018936484,Mobile,0.99,Degraded
581,Actuator,Rockwell,v1.0,77.73416797619085,62.66095721363721,52.98237822653324,Mobile,0.5,Normal
582,Sensor,ABB,v2.0,49.3228835687051,22.877043077908716,94.77839323906407,Mobile,0.82,Fault
583,PLC,Siemens,v1.0,10.409477289364599,47.508456405747026,40.07032799125602,Static,0.8,Normal
584,Actuator,Rockwell,v1.0,75.66674872278534,40.89685712755765,29.635787199725236,Static,0.99,Normal
585,Actuator,ABB,v2.0,55.913173195062896,75.28952247020382,66.76344906075666,Mobile,0.99,Fault
586,Robot,ABB,v2.0,14.769304750063181,57.35641909137823,97.5457449827343,Mobile,0.81,Normal
587,Actuator,Siemens,v2.0,12.977869209985277,49.93780498119864,50.227137098174936,Mobile,0.55,Normal
588,Robot,Siemens,v2.0,82.31827965211035,18.654598163418804,24.96294109030252,Mobile,0.88,Normal
589,PLC,Bosch,v1.1,61.882022349736665,55.42284169925586,47.144421384765394,Mobile,0.46,Normal
590,Sensor,Rockwell,v2.0,75.48937794192422,18.790292926017507,60.474532345564675,Static,0.87,Normal
591,Sensor,Rockwell,v1.1,79.71320652399272,35.29049316743141,32.9538405305771,Static,0.95,Normal
592,PLC,Bosch,v1.1,53.60064992410739,20.71314736107489,72.64817744451936,Mobile,0.63,Normal
593,Sensor,Rockwell,v1.1,48.98293989917851,61.905523526827665,99.81995112081604,Static,0.78,Degraded
594,PLC,Rockwell,v1.0,41.586329877284165,25.468908537711446,56.13915807851551,Mobile,0.66,Normal
595,PLC,Rockwell,v1.1,31.94045996224514,39.389452989101954,48.37828453841701,Mobile,0.66,Fault
596,PLC,Rockwell,v1.1,41.9406566729905,77.1756083214084,52.05633334675733,Mobile,0.59,Normal
597,Sensor,Rockwell,v1.0,70.77977073706329,25.323728754922772,29.21169427161609,Static,0.86,Normal
598,Robot,Siemens,v1.0,56.16349163628618,48.085379796908434,90.6618881140979,Static,0.96,Normal
599,PLC,Rockwell,v1.0,80.86447964616191,41.44537458745165,53.186052441708156,Mobile,0.96,Normal
600,Actuator,Siemens,v2.0,42.68730122223096,11.359303078429729,50.98195291398731,Static,0.5,Normal
601,Sensor,Rockwell,v1.0,56.60261419109409,69.45685851796097,72.77522183443794,Static,0.92,Normal
602,PLC,Bosch,v1.0,58.66114201281904,15.17844297359498,55.36267367448988,Mobile,0.84,Degraded
603,PLC,ABB,v1.1,55.29425879603767,45.56912657327152,71.85867750462768,Static,0.55,Fault
604,Actuator,Siemens,v1.0,64.72387071226889,52.050872120421246,24.915703210463,Static,0.44,Normal
605,Robot,Rockwell,v2.0,25.181844811858532,57.13198424609403,85.0978674977782,Mobile,0.56,Degraded
606,Robot,Bosch,v1.0,48.550921091392205,61.64737219809067,95.2403162303522,Mobile,0.95,Normal
607,Robot,ABB,v2.0,13.859108238709553,28.99542876420363,71.90123089275087,Static,0.78,Normal
608,PLC,Siemens,v1.0,37.68346284980907,10.748408249383703,96.36527430870485,Mobile,0.83,Degraded
609,PLC,ABB,v1.0,46.451700832807475,64.2582746766184,32.11458514959706,Static,0.55,Normal
610,PLC,Bosch,v1.0,60.43906206136516,50.174244951068395,58.1932951584283,Mobile,0.83,Normal
611,Sensor,Siemens,v1.0,85.7951394698273,72.70882774054365,68.14453871563578,Mobile,0.42,Normal
612,Actuator,ABB,v2.0,56.05534065661025,71.60412721755208,66.53893179369493,Mobile,0.63,Normal
613,PLC,Rockwell,v2.0,68.20548287500759,73.24946258409125,52.11694232712346,Mobile,0.78,Normal
614,Actuator,Siemens,v1.1,48.03261505709224,46.382099498465514,47.04675274930091,Static,0.49,Normal
615,Actuator,ABB,v2.0,58.89884266698816,35.022129687764924,30.145921804033506,Mobile,0.89,Fault
616,Robot,Bosch,v1.0,11.029238371370742,69.36686519435275,51.33939604498225,Mobile,0.54,Normal
617,Sensor,Bosch,v1.1,26.623284371556995,43.84705847719412,33.01286520843881,Mobile,0.79,Normal
618,PLC,Siemens,v1.1,35.75751292243679,23.75816473025759,78.74925411937747,Static,0.64,Normal
619,Robot,ABB,v1.1,45.16193517555365,74.12305146711057,36.7064748395672,Static,0.76,Normal
620,Robot,Siemens,v1.0,8.880143367702617,76.19199075792605,24.68522442276271,Mobile,0.46,Normal
621,PLC,Siemens,v2.0,16.902048292032003,44.973231710512756,64.18929102537874,Mobile,0.41,Normal
622,Actuator,ABB,v1.0,28.52921616226099,15.67747954823406,67.61837861755212,Mobile,0.95,Degraded
623,Robot,ABB,v1.1,87.5802787265893,39.086956743769846,89.75304490244044,Mobile,0.56,Degraded
624,Actuator,Rockwell,v1.0,33.16449560375931,70.26532445969525,66.15852899341455,Mobile,0.89,Degraded
625,Sensor,ABB,v1.0,45.97348993952701,77.63305214096715,47.63846829787566,Mobile,1.0,Degraded
626,Actuator,Bosch,v2.0,21.6683055827634,25.260455687319688,84.24095052210563,Static,0.53,Normal
627,Sensor,Siemens,v2.0,56.9163060414403,15.023020901895364,63.22231145499369,Mobile,0.56,Degraded
628,Actuator,Siemens,v1.1,28.858073318857816,75.8012839849629,26.34242277049534,Mobile,0.8,Normal
629,Robot,Bosch,v1.0,22.594369167266276,39.205370423415644,65.26804482505973,Mobile,0.98,Normal
630,Robot,ABB,v1.0,48.90867341790822,50.632072320067245,92.64148363373299,Mobile,0.95,Normal
631,Sensor,Bosch,v2.0,5.46799292863577,82.60493590380692,51.70501003985764,Mobile,0.7,Normal
632,PLC,Bosch,v1.0,5.651442775184153,14.992354593566713,43.70606415198401,Mobile,0.88,Normal
633,Sensor,Rockwell,v1.0,23.62084877365791,58.623850558907165,31.477556561441602,Static,0.48,Fault
634,Sensor,Bosch,v1.0,8.121315812569797,15.55790669311503,32.11564175482859,Static,0.99,Normal
635,Actuator,Siemens,v2.0,14.182189101108767,38.160169634987525,54.62171874734551,Static,0.98,Normal
636,Actuator,Bosch,v1.1,33.803155193793884,70.2860908895085,67.65438593292237,Static,0.5,Normal
637,Sensor,Siemens,v1.1,73.21978276428409,42.51041745667258,26.44923241356814,Static,0.58,Normal
638,Robot,Siemens,v1.0,53.62413468639057,84.78867654272128,95.16548712201326,Static,0.46,Normal
639,Actuator,Siemens,v1.1,48.57675670629539,51.929446370995166,80.41068939561568,Mobile,0.56,Normal
640,PLC,ABB,v2.0,29.946549972690338,34.087161447696516,66.92991346269301,Mobile,0.89,Normal
641,Actuator,Rockwell,v2.0,84.1990661517894,26.508349442856485,86.27509367511927,Mobile,0.63,Normal
642,Actuator,Siemens,v1.1,38.74627850516129,36.28904007146214,26.414940544969063,Mobile,0.45,Normal
643,PLC,Siemens,v1.1,12.402885177640577,37.93999553196631,58.14711021864995,Mobile,0.61,Normal
644,Sensor,ABB,v1.0,57.450653870013106,15.153525829297074,70.40745014893307,Mobile,0.99,Normal
645,PLC,Siemens,v1.1,14.67626344551112,37.71806495700798,86.29223248946315,Static,0.78,Normal
646,Sensor,Bosch,v1.0,34.343967138143825,44.81788898044187,82.67756480394141,Mobile,0.65,Normal
647,Sensor,Bosch,v1.0,48.13001479101376,64.20533141791034,42.16553997707197,Static,0.5,Normal
648,Sensor,Rockwell,v2.0,79.30891459823994,59.254711354120595,95.27041356473634,Static,0.99,Normal
649,PLC,Siemens,v2.0,46.95145932891009,63.15742414218657,29.947667314469626,Mobile,0.89,Normal
650,Sensor,ABB,v2.0,64.69199511269147,10.627276140764282,90.01068948969217,Mobile,0.57,Normal
651,Robot,Bosch,v2.0,89.38943131492098,26.325054968540204,97.67521996836949,Mobile,0.44,Normal
652,PLC,ABB,v1.1,16.17657519132844,59.626321629989235,34.17228185781005,Mobile,0.43,Normal
653,Robot,ABB,v2.0,28.35217966915916,46.299202613481036,77.76528513630282,Mobile,0.47,Normal
654,Sensor,Bosch,v1.1,38.53896642579994,10.398510675125946,23.222841502239877,Mobile,0.75,Degraded
655,Actuator,ABB,v2.0,40.855395175800666,70.33709818238668,52.433826011132396,Mobile,0.96,Degraded
656,Sensor,Bosch,v1.1,39.93679139757139,67.9607179967753,61.302663935813925,Static,0.7,Normal
657,Robot,ABB,v1.0,82.14693521730717,51.1314372245172,66.45161807277073,Mobile,0.91,Normal
658,Robot,Bosch,v1.1,65.6927747796828,14.984749433220408,94.87497985988476,Mobile,0.67,Normal
659,PLC,Siemens,v1.1,56.671943197709815,67.48862871494384,73.78005498353558,Static,0.83,Fault
660,Actuator,Rockwell,v2.0,31.29668101833648,53.778519079852295,58.50223609753896,Mobile,0.84,Fault
661,PLC,Bosch,v1.1,75.02218265881005,68.64699828684694,84.77400290127115,Mobile,0.5,Normal
662,Robot,Bosch,v1.0,86.18014347622406,66.38102442968804,96.04262567635271,Static,0.62,Degraded
663,Sensor,Rockwell,v1.0,74.80185401676925,70.22515539683778,21.765291894583267,Mobile,0.78,Normal
664,Actuator,Bosch,v2.0,5.133033941275197,48.85060498034686,98.6017017804831,Mobile,0.44,Normal
665,Sensor,Bosch,v1.0,59.0941164655896,20.524338864513624,26.890571125094425,Mobile,0.62,Normal
666,Sensor,ABB,v1.1,9.346507422578561,60.33681050347665,85.15094234150091,Mobile,0.72,Normal
667,Actuator,Rockwell,v1.0,26.896613728366358,56.535533878897795,42.426780204113,Mobile,1.0,Degraded
668,PLC,Siemens,v2.0,10.059599529560593,65.66898903993155,30.574372620309738,Mobile,0.68,Normal
669,Sensor,Bosch,v1.1,56.32261350069796,22.74107545380515,55.18845117710679,Static,0.89,Normal
670,Robot,Rockwell,v2.0,63.36014264687158,24.623139992521693,71.51652635580908,Mobile,0.66,Degraded
671,Sensor,ABB,v1.1,14.731449235601936,76.78071379144964,50.476147601878,Mobile,0.88,Degraded
672,Actuator,Siemens,v1.0,37.626305058823256,66.2483348839053,24.365232662615917,Static,0.76,Normal
673,Actuator,Rockwell,v2.0,43.78010326122107,78.11713665252422,67.95689117269733,Static,0.93,Normal
674,Actuator,Siemens,v2.0,36.36950684967791,66.90364908729406,92.19226208885398,Mobile,0.65,Normal
675,PLC,Siemens,v1.1,15.287125041241408,54.78664794927264,50.65722927578014,Static,0.76,Normal
676,Sensor,Siemens,v2.0,40.61056216593541,59.05995527709052,37.30662221046616,Mobile,0.78,Fault
677,PLC,Bosch,v1.1,68.85013406371554,76.68459429550074,55.40618767462523,Mobile,0.65,Degraded
678,PLC,Bosch,v1.1,11.035651485326714,53.41050658839554,23.869016883902468,Static,0.49,Normal
679,Actuator,ABB,v1.1,11.815301196961794,57.42934932462906,85.63900675842198,Mobile,0.46,Normal
680,Actuator,ABB,v1.1,35.15555980605866,21.735753700270045,86.10726487601494,Mobile,0.41,Normal
681,PLC,Rockwell,v1.0,85.04668548760863,45.5440915087077,67.04003707437028,Static,0.92,Degraded
682,Sensor,ABB,v1.1,61.8286749714477,63.72978339685742,48.24823111507116,Static,0.54,Normal
683,Robot,Siemens,v2.0,62.68694631716801,30.320702373727407,83.98266915566268,Static,0.53,Normal
684,PLC,Siemens,v1.0,35.76319922121852,25.16906353934012,64.37496198306937,Static,0.84,Normal
685,Sensor,Bosch,v2.0,55.461167252725765,33.53701061683117,86.0745846840013,Mobile,0.59,Normal
686,Actuator,Siemens,v1.0,5.861150642358187,28.11254709946251,70.51670340664165,Static,0.7,Normal
687,Actuator,Rockwell,v1.1,59.06816394481109,26.11844777772969,82.75243785702378,Static,0.5,Normal
688,Sensor,Siemens,v1.0,82.62939054398012,41.86381321510652,67.88503945742079,Static,0.98,Degraded
689,Robot,Siemens,v1.0,57.06874480930963,78.08788854126506,53.1312854572533,Static,0.91,Degraded
690,Actuator,Rockwell,v2.0,79.26438044463933,48.02947350540387,96.635668794091,Static,0.92,Normal
691,Actuator,ABB,v2.0,66.53770971461798,24.094028561149226,63.289105990307576,Mobile,0.64,Normal
692,Actuator,ABB,v1.1,15.247465394313672,15.772875203565555,68.40716148324307,Static,0.86,Normal
693,Sensor,Rockwell,v1.0,81.70853111929655,62.211710885344395,37.639011153179936,Mobile,0.49,Normal
694,PLC,Bosch,v1.0,10.647726770240865,38.70990733272909,70.05206315418212,Static,0.41,Normal
695,Actuator,Siemens,v1.0,50.38723516655992,71.63732099390194,65.72861195863551,Static,0.41,Degraded
696,PLC,Rockwell,v1.1,17.081655522443903,59.463307648057764,34.78707183576199,Static,0.75,Normal
697,Robot,Siemens,v1.1,5.995061912126846,69.71810879060264,24.7669677882515,Static,0.67,Normal
698,Actuator,Bosch,v1.1,40.87291211084931,30.395952956383656,68.34874557718169,Static,0.71,Degraded
699,Actuator,Siemens,v1.1,30.07846015060328,61.92691918457936,81.09538154802564,Static,0.4,Fault
700,Robot,Rockwell,v1.1,46.310041972796256,29.804648852028908,61.87210967376066,Static,0.65,Normal
701,Actuator,Siemens,v2.0,54.06199037243682,80.43013595877187,38.14181002557166,Static,0.83,Normal
702,PLC,ABB,v1.0,8.717821146260526,57.728071115003075,73.32175813544279,Mobile,0.67,Normal
703,Sensor,Bosch,v1.0,15.455280085518378,34.338385013150656,26.40845812876818,Static,0.84,Normal
704,PLC,Bosch,v1.0,52.48460369828616,30.21338967192045,55.34669638415637,Mobile,0.54,Normal
705,Sensor,Bosch,v1.0,34.16922501967595,24.319493880373265,33.06934067187362,Static,0.89,Normal
706,Sensor,Rockwell,v1.0,66.97974644170307,62.098071917029586,34.75672408479067,Mobile,0.75,Fault
707,PLC,Bosch,v1.0,60.44479013031487,26.403670974844548,36.18351593265629,Static,0.53,Normal
708,PLC,ABB,v1.0,76.87637085414208,54.64774494456168,50.93656456351823,Static,0.54,Normal
709,PLC,Rockwell,v1.0,63.86189026688415,29.847627019401802,24.09201644963181,Static,0.78,Normal
710,PLC,ABB,v2.0,41.54414157816259,59.64767085954014,51.823475274327855,Mobile,0.9,Normal
711,Robot,Siemens,v1.0,62.202162903526755,71.12047964054044,60.936595769176066,Mobile,0.65,Degraded
712,Actuator,Siemens,v2.0,28.407399811710576,68.35189323584899,58.663542797306015,Mobile,0.55,Normal
713,Sensor,Siemens,v1.1,31.036647396148076,67.06384981980864,50.622728032243245,Mobile,0.92,Normal
714,PLC,Siemens,v1.0,72.06373859326743,24.079180426918903,87.1317286456602,Static,0.8,Normal
715,PLC,ABB,v1.1,42.94565889413448,16.628871023838904,31.62613539364033,Static,0.67,Normal
716,PLC,Rockwell,v1.1,72.86232894405997,62.42116213655392,60.455739502509914,Static,0.69,Normal
717,Robot,Rockwell,v1.1,74.90590176180366,37.626041034576346,24.963313356524345,Mobile,0.52,Normal
718,PLC,Bosch,v2.0,77.89279870120912,42.42596698025105,25.69245431023278,Static,0.78,Normal
719,PLC,ABB,v1.1,82.91399504650262,12.33618195950433,65.9092679741677,Mobile,0.62,Normal
720,PLC,Siemens,v1.1,41.63374374363018,29.46823369562869,65.28147399102568,Mobile,1.0,Normal
721,Actuator,ABB,v1.1,32.1036795572968,12.525730290584802,90.24268102755656,Mobile,0.69,Degraded
722,Robot,Bosch,v1.0,54.48689346049968,75.93893294509357,64.62989405280585,Mobile,0.69,Degraded
723,PLC,Bosch,v1.0,36.54965599219834,28.254751241389787,96.78328163238801,Mobile,0.74,Normal
724,Sensor,ABB,v2.0,56.091304178019804,51.80028771797561,23.89558787199438,Static,0.95,Normal
725,Sensor,ABB,v2.0,64.9747983247251,12.92344904958478,27.840614782459284,Mobile,0.88,Normal
726,Sensor,ABB,v1.0,63.514426571831635,60.013554347924355,23.525268925630513,Mobile,0.67,Normal
727,Robot,Rockwell,v2.0,36.836995396710314,34.227050931557045,34.8221480266832,Static,0.83,Normal
728,Robot,Siemens,v1.0,19.18311714439399,77.34393902182494,63.301608875334246,Mobile,0.75,Degraded
729,Sensor,ABB,v1.1,41.59499376928764,76.60886417005268,71.64577451419424,Mobile,0.7,Degraded
730,PLC,ABB,v1.1,17.120502246962243,34.39679637713108,23.646812635893504,Static,0.52,Normal
731,Robot,ABB,v2.0,80.6582479906237,77.5720671767851,95.67767118764795,Static,0.68,Normal
732,Sensor,Bosch,v1.0,34.39958416271788,84.71182551240841,87.37323013203049,Static,0.55,Degraded
733,Sensor,Bosch,v1.0,18.12907851398252,71.9061748092961,43.72899857256745,Mobile,0.95,Degraded
734,PLC,Rockwell,v2.0,7.163059591988825,73.36535108164217,26.175002418117437,Static,0.6,Normal
735,Actuator,Siemens,v1.0,59.894902834351164,28.675655208181745,33.59096585752458,Static,0.97,Normal
736,Robot,Rockwell,v1.1,59.136696983653174,53.25267991433172,30.155553100397814,Static,0.72,Normal
737,PLC,Siemens,v2.0,33.95135415940979,15.044193547552588,29.86270234391575,Mobile,0.78,Normal
738,Sensor,Bosch,v2.0,11.095510552050335,17.11884526162523,61.48493509325871,Static,0.73,Normal
739,Sensor,Bosch,v1.0,39.81845606609472,84.91694590249679,39.66779539947203,Mobile,0.48,Normal
740,PLC,Bosch,v2.0,31.453487080388456,34.49794370694332,48.651177322331556,Mobile,0.63,Normal
741,Robot,Rockwell,v1.0,62.5552543774758,66.11379340366348,99.16042667074579,Static,0.46,Normal
742,Actuator,ABB,v1.0,56.49123620347868,70.49987897701124,74.74513991402759,Mobile,0.77,Normal
743,Actuator,ABB,v1.0,35.9904668967909,74.35174532554218,95.91845336376011,Mobile,0.67,Normal
744,Sensor,Bosch,v1.0,23.520867111674157,84.82212230516174,31.404524402649248,Static,0.87,Degraded
745,Robot,ABB,v1.0,88.98305712322531,28.11223639426509,50.57115798660554,Mobile,0.53,Degraded
746,Actuator,ABB,v2.0,43.59013780166976,13.026312014477478,64.37854426258835,Static,0.5,Normal
747,Robot,Rockwell,v1.1,63.50331004132015,40.83936384959395,26.14064495109904,Mobile,0.64,Normal
748,Robot,Siemens,v1.1,16.947002244160664,19.75605023717102,20.33499549023663,Mobile,0.96,Fault
749,Sensor,Bosch,v2.0,46.27512447104881,11.681941687154135,73.6347467037534,Static,0.83,Normal
750,Actuator,Bosch,v2.0,7.340621188904566,37.03201203561146,71.34556134411483,Static,0.65,Normal
751,PLC,Rockwell,v1.1,47.96368502238825,68.78036883064273,52.86310479996894,Mobile,0.71,Normal
752,Sensor,Rockwell,v1.1,86.9414796050047,52.46355184188032,59.17152608256261,Mobile,0.45,Normal
753,Actuator,ABB,v1.1,37.65757060379302,33.45834919077655,53.23544004736717,Static,0.99,Normal
754,Actuator,Bosch,v1.1,8.314661068867485,59.07565041195398,21.92040358759111,Mobile,0.8,Degraded
755,Actuator,Siemens,v1.1,7.6312422281442,27.401363523160803,46.82972849739699,Mobile,0.57,Normal
756,Actuator,Rockwell,v1.0,37.97887459548391,11.078608455406377,34.16658043178319,Mobile,0.75,Normal
757,Actuator,Siemens,v2.0,18.602119599371495,67.32650398273205,27.8739351281095,Mobile,0.47,Degraded
758,Robot,Siemens,v1.0,6.984928187895802,56.78073136480068,96.53763471114799,Static,0.98,Normal
759,Sensor,Bosch,v1.1,69.27815718576502,67.172696837572,67.94877800337325,Static,0.5,Normal
760,Robot,Bosch,v1.1,43.97445575496071,12.920351251574921,78.29250273892822,Static,0.79,Normal
761,PLC,Rockwell,v1.1,29.585805617675636,72.7839720872989,45.2290994612894,Static,0.55,Normal
762,Actuator,Bosch,v1.0,81.50707055640086,56.46446500272275,51.45177035952122,Static,0.83,Normal
763,Sensor,Bosch,v1.0,14.871811617044678,52.25465130344801,38.95391951173788,Static,0.87,Normal
764,Actuator,Bosch,v1.1,86.25310046120214,56.84605360858987,27.75725367723398,Mobile,0.8,Normal
765,Sensor,Siemens,v1.0,31.68717097707499,74.83249351512731,34.3225309953267,Static,0.77,Normal
766,Robot,Rockwell,v1.0,80.5143121462379,54.02023799191803,83.80112362371887,Mobile,0.94,Normal
767,Sensor,ABB,v1.1,56.25014450075423,53.57127849161345,74.20366441470208,Mobile,0.45,Normal
768,PLC,Siemens,v1.0,75.27012557802644,84.30093677993244,63.75431007883815,Mobile,0.6,Normal
769,PLC,Bosch,v2.0,88.64111887288946,66.7547625301426,58.00718982934144,Static,0.55,Normal
770,Sensor,Siemens,v2.0,29.514462214593387,43.17203540883514,93.79474269248996,Mobile,0.99,Normal
771,Sensor,Bosch,v2.0,86.6965162596454,63.054775002469576,25.818795822293474,Static,0.63,Degraded
772,Sensor,Bosch,v2.0,38.10596106670573,39.192285376884136,42.448065059033276,Mobile,0.84,Normal
773,Sensor,Siemens,v1.1,37.768511902638394,27.165659686262423,47.99502828565713,Mobile,0.81,Normal
774,PLC,Rockwell,v1.1,33.93290386163298,54.76389076658196,82.59406497702302,Static,0.53,Normal
775,Actuator,Bosch,v1.1,51.01964662454474,79.61365735854636,99.4011696129577,Mobile,0.54,Normal
776,Sensor,Rockwell,v2.0,18.102328670171403,79.6854640011597,39.253641180572245,Mobile,0.57,Normal
777,Sensor,ABB,v2.0,52.06547625543095,35.642895857911775,89.94458673096645,Mobile,0.65,Degraded
778,PLC,Bosch,v1.0,51.04490905485034,49.575809966627126,86.4498208345433,Mobile,0.54,Degraded
779,PLC,Rockwell,v1.0,69.76165407141394,25.87269239273959,37.97259181134133,Static,0.41,Normal
780,Robot,Rockwell,v2.0,75.86024676469478,84.67233321241626,51.94660641593781,Mobile,0.93,Normal
781,Sensor,ABB,v2.0,42.43751477655604,83.58384309009519,52.77382954340153,Mobile,0.98,Normal
782,Robot,Rockwell,v2.0,30.69832619487697,58.71316972805855,98.25765348212467,Static,0.6,Normal
783,PLC,Rockwell,v2.0,27.04346627195303,70.3310544758105,34.47135211031187,Mobile,0.6,Normal
784,PLC,ABB,v1.0,21.543026119914114,63.6325120962775,83.93263768838256,Mobile,0.4,Normal
785,Actuator,Bosch,v2.0,9.900044486917114,54.486866427960116,46.73541713384879,Mobile,0.81,Degraded
786,Sensor,Rockwell,v1.0,34.10807820095063,14.001099774167328,78.46962766209283,Mobile,0.9,Normal
787,Robot,Rockwell,v2.0,27.971053831116578,44.10732569144958,53.60088034365303,Static,0.49,Normal
788,PLC,Rockwell,v2.0,87.14547779864462,60.60897266255579,66.2687810493232,Mobile,0.5,Normal
789,PLC,Siemens,v2.0,52.40525023125373,60.81487104127635,86.60894186609049,Static,0.87,Normal
790,Robot,ABB,v1.0,34.518548317593144,37.98419638167877,84.33324519871073,Mobile,0.77,Normal
791,Actuator,Siemens,v1.0,54.33974608446416,80.62689899935229,89.31385468317602,Mobile,0.43,Degraded
792,PLC,ABB,v1.1,16.83171961438412,22.551777417758576,24.769386027572722,Mobile,0.77,Normal
793,Sensor,Bosch,v2.0,42.74371868218725,47.526958466167045,75.36404424317959,Static,0.59,Normal
794,PLC,Bosch,v1.1,58.22991732079043,61.816298241311706,31.198990137741028,Mobile,0.62,Normal
795,Sensor,Rockwell,v1.1,46.55631570235837,62.285185441885695,53.265485441472876,Mobile,0.86,Normal
796,Robot,ABB,v1.0,39.15119805561756,58.647921757661166,63.88707320437508,Static,0.89,Fault
797,Sensor,Bosch,v1.0,89.47711305647435,30.646616008889513,52.21915877974646,Static,0.64,Normal
798,Robot,ABB,v1.1,79.8267547826588,21.715492651496646,61.5689340642406,Static,0.97,Normal
799,Sensor,Bosch,v2.0,57.98950644355241,57.69552451200332,99.72210470388953,Static,0.64,Fault
800,Robot,Siemens,v1.0,53.397075700494035,54.94765871045783,30.817385097028378,Mobile,0.86,Normal
801,Sensor,Bosch,v2.0,57.75614078508964,23.451700771693073,74.03648362691405,Mobile,0.69,Normal
802,Actuator,Siemens,v2.0,22.111529164906827,62.88543591779225,51.680077310849214,Mobile,0.94,Normal
803,Sensor,Bosch,v1.1,38.58670817746708,44.13789938002423,30.6407839125863,Mobile,0.94,Degraded
804,Sensor,Rockwell,v1.1,8.354060295726441,60.08204437023647,32.698941069944766,Static,0.45,Normal
805,Actuator,Siemens,v1.1,45.42141318638026,72.80253098276131,95.94184849964935,Mobile,0.96,Normal
806,PLC,Bosch,v1.1,51.15708963640137,22.729632143269235,90.36811973694097,Mobile,0.9,Normal
807,PLC,Rockwell,v1.0,24.358727568772814,11.43586509976275,92.56335683320175,Mobile,0.87,Normal
808,Sensor,Siemens,v1.0,86.94245200906867,68.43269397968402,99.32262206619092,Mobile,0.52,Normal
809,Actuator,Rockwell,v1.1,82.30364192966557,55.72730688644619,36.66523120068143,Static,0.88,Normal
810,Sensor,ABB,v1.0,66.382175013752,62.47296772165913,48.43514698912494,Mobile,0.91,Normal
811,Robot,ABB,v1.1,50.33786344505582,72.8616231241482,73.53752239398933,Mobile,0.57,Normal
812,Robot,Siemens,v2.0,78.94737857005322,70.21082011183753,58.70420318885178,Mobile,0.97,Normal
813,Sensor,Bosch,v2.0,16.105449224994345,82.06901101966184,53.47116267026668,Static,0.43,Normal
814,PLC,Siemens,v2.0,72.19333251336522,50.19513091390887,48.62489994684744,Static,0.49,Degraded
815,PLC,Rockwell,v1.1,15.609769187182106,46.6371724494929,67.50245055547617,Mobile,0.72,Normal
816,Sensor,Bosch,v2.0,72.50790631669946,40.141539991804756,66.04747429120656,Mobile,0.75,Normal
817,Sensor,ABB,v1.0,28.440243301365342,21.52682821331534,32.91662672513921,Mobile,0.79,Normal
818,Robot,Bosch,v2.0,79.55269938654605,52.94554246615168,57.73918700147512,Static,0.41,Normal
819,PLC,ABB,v2.0,85.24357797515881,30.77593932444841,64.27774209678799,Mobile,0.98,Degraded
820,Sensor,Bosch,v2.0,17.647657399434827,79.09806341597316,65.62295509851124,Mobile,0.43,Degraded
821,Robot,Bosch,v1.0,44.32742643055845,53.739310320782316,36.80857543298814,Mobile,0.49,Degraded
822,PLC,Bosch,v1.1,88.38392714382823,54.463013538108264,79.38171138018294,Static,0.41,Normal
823,Actuator,Rockwell,v1.0,46.08963205771746,36.61934956577575,22.01592758568557,Mobile,0.74,Normal
824,Robot,Rockwell,v1.1,78.40153941373633,13.899201398328062,48.38654844345301,Mobile,0.96,Normal
825,PLC,Siemens,v1.1,55.042179381162185,12.380782402974146,82.41701188285069,Static,0.8,Normal
826,PLC,Siemens,v2.0,36.903042173166156,41.75013581148981,65.11143368443219,Static,0.89,Normal
827,Robot,ABB,v1.1,29.291602219698966,16.342403357292838,40.89299460086882,Mobile,0.41,Degraded
828,Actuator,Rockwell,v1.0,22.27396274231742,55.51352166551043,75.59624954744382,Static,0.73,Normal
829,Robot,ABB,v1.0,69.75284626710426,76.07297542297431,65.39127553248588,Mobile,0.68,Normal
830,PLC,Siemens,v1.1,37.85594307995737,76.21861123890416,83.69948875651097,Static,0.7,Normal
831,Sensor,ABB,v2.0,48.458414287063846,59.42840575991743,78.80201489518586,Static,0.44,Degraded
832,Sensor,Siemens,v2.0,46.847665800100465,25.842387360469825,68.80863376289878,Mobile,0.81,Normal
833,Robot,Rockwell,v1.0,54.068717484816155,74.7247623519154,59.05421402486512,Mobile,0.7,Normal
834,PLC,Bosch,v2.0,78.57405737808693,76.45700764849062,30.654570053401873,Mobile,0.86,Degraded
835,Sensor,Rockwell,v1.1,88.3628442045915,24.749018871471904,40.9066414308307,Static,0.69,Normal
836,PLC,ABB,v1.1,39.64465772877444,65.3069564328008,53.52795783336682,Mobile,0.49,Normal
837,Robot,ABB,v1.0,75.33910837903576,31.488966169534223,67.9439429605111,Mobile,0.79,Normal
838,Sensor,Rockwell,v1.1,69.984862545651,70.19802342646972,61.09662841722439,Mobile,0.5,Normal
839,PLC,Rockwell,v1.0,53.74996087372373,84.7928424927702,43.05476207676236,Mobile,0.92,Degraded
840,Sensor,Siemens,v1.1,86.26400720701432,12.25195039970446,20.517148623176844,Mobile,0.77,Normal
841,Robot,ABB,v1.0,22.04033381991424,77.30243993431989,59.69913775206511,Static,0.49,Normal
842,PLC,ABB,v2.0,14.28745787631782,56.697290019899356,42.85007908497945,Mobile,0.98,Normal
843,Sensor,Rockwell,v1.1,77.58676719121088,83.00369643736158,78.76866405684281,Mobile,0.71,Normal
844,Robot,Bosch,v1.1,42.327734413868605,44.87571381448207,21.915701221638678,Static,0.44,Normal
845,Sensor,ABB,v1.0,76.99235260760014,73.55409479285302,66.78622490446327,Mobile,0.78,Normal
846,Sensor,Bosch,v1.0,80.91266744161027,14.679555144870793,95.31793900048524,Mobile,0.55,Normal
847,Actuator,Rockwell,v1.1,10.308895457621073,35.14592875587218,33.95274136891996,Mobile,0.88,Normal
848,Actuator,Rockwell,v1.0,80.09450485381515,15.026240331340748,57.73195926004763,Mobile,0.89,Degraded
849,Robot,Siemens,v1.1,43.10711970640089,83.15073501093029,27.313759345371054,Mobile,0.99,Normal
850,Actuator,ABB,v2.0,48.38676156535974,71.27304304538775,70.05455298090821,Static,0.7,Normal
851,Robot,Bosch,v1.0,58.26036344292287,73.9410565934478,64.04253444769805,Static,0.67,Normal
852,Actuator,Siemens,v1.1,83.74252157205737,80.34739235754206,52.589241937026586,Static,0.85,Degraded
853,Sensor,ABB,v2.0,6.624868026529942,16.3827614589839,61.7101617178993,Mobile,0.48,Normal
854,Robot,Siemens,v2.0,45.53169480701445,38.9198194385,91.72597267752082,Static,0.73,Normal
855,Robot,Rockwell,v1.1,63.45637360659766,15.32761667830016,35.70354418488536,Mobile,0.73,Normal
856,Sensor,ABB,v1.0,66.43009140434941,25.809482616252147,21.80516093642778,Mobile,0.45,Normal
857,Robot,Siemens,v1.1,63.86525668065418,27.202433277825428,88.93319077592808,Mobile,0.65,Normal
858,Robot,Siemens,v2.0,16.42698599969036,45.1830408285684,66.16936659103251,Static,0.91,Degraded
859,Actuator,Bosch,v1.1,30.448625011592906,30.142162559023195,91.2526764369474,Static,0.91,Fault
860,Robot,Siemens,v1.0,35.49081966044614,17.573358011332083,67.75561787305381,Static,0.46,Normal
861,PLC,ABB,v2.0,73.37716265275793,22.561831682058077,84.8128871967762,Mobile,0.45,Normal
862,Sensor,ABB,v1.1,28.694589155237008,21.04566726640682,54.373869068411835,Static,0.56,Normal
863,Actuator,Bosch,v1.0,22.90992192871227,82.98075984342238,79.9887945030615,Mobile,0.92,Normal
864,Actuator,ABB,v2.0,86.38308161823818,66.94693801888552,93.04331735118848,Static,0.48,Fault
865,PLC,Rockwell,v1.0,5.753379234644856,82.58210989521714,65.7698370977765,Static,0.83,Normal
866,Sensor,ABB,v2.0,89.81477273296815,42.98053648809314,34.462812044990365,Mobile,0.46,Normal
867,Sensor,ABB,v1.1,62.529810402878624,30.877636124699244,41.50380920241585,Mobile,0.77,Normal
868,Actuator,Siemens,v1.0,75.41989045317496,69.871989790689,35.89156615179246,Static,0.61,Normal
869,Robot,Siemens,v2.0,30.042648689426418,34.469043853086006,39.74856220765864,Static,0.87,Normal
870,Actuator,ABB,v1.0,6.2167986017000985,32.45375302790112,44.51323594808291,Static,0.54,Normal
871,Sensor,Bosch,v1.0,67.71890907773005,27.43794941558734,64.41070294025508,Mobile,0.78,Normal
872,PLC,Siemens,v1.1,75.90229074505744,19.725923366817653,67.03933035710662,Mobile,0.54,Degraded
873,Actuator,Bosch,v1.0,67.94047121604913,29.234729576257447,54.11997977934889,Static,0.83,Normal
874,Sensor,ABB,v2.0,17.142274420571283,36.648981135541575,69.23366238566683,Static,0.92,Normal
875,Actuator,ABB,v2.0,69.04137339184237,60.54956561092978,26.525994048909276,Mobile,0.48,Normal
876,Robot,Rockwell,v2.0,70.35843647914949,14.692363166458868,27.023058964652797,Static,0.92,Normal
877,Actuator,Siemens,v2.0,60.975943831954666,25.78802047490072,33.746356828612676,Mobile,0.76,Normal
878,Actuator,ABB,v1.1,70.11985428762483,70.67677302187573,61.44619984322758,Mobile,0.48,Normal
879,Sensor,Rockwell,v1.0,76.90332237260724,21.019144268782807,37.119574295865085,Mobile,0.66,Normal
880,Sensor,Siemens,v1.1,57.15634971018397,35.69838598918912,42.662752279406185,Mobile,0.5,Normal
881,Sensor,ABB,v1.0,12.531400687422721,74.8494191393605,52.025026893839524,Mobile,0.82,Degraded
882,Actuator,ABB,v1.0,46.448363821712924,21.6193983357582,84.94928992083038,Mobile,0.86,Normal
883,Robot,Siemens,v1.0,11.60019344708643,16.205262671364242,21.10897087302881,Static,0.46,Normal
884,PLC,Siemens,v1.1,39.64115763775662,46.34034963100081,71.95030561892979,Mobile,0.7,Normal
885,PLC,Siemens,v1.0,39.60405157567835,32.68146334589023,73.51012248325483,Mobile,0.89,Normal
886,Sensor,ABB,v1.1,10.610836751920534,52.25562733628906,83.89246242853092,Static,0.96,Normal
887,Sensor,ABB,v2.0,34.649745387405744,70.28536678626064,94.62023512482506,Mobile,0.71,Degraded
888,Actuator,Rockwell,v2.0,14.43483839726176,20.28613661145574,21.611027915943186,Static,0.97,Normal
889,PLC,Bosch,v1.0,73.69999285078389,53.55243134157137,32.30269644105729,Mobile,0.72,Degraded
890,Sensor,Siemens,v1.1,85.55348220698002,47.91315702923979,90.89370352447945,Static,0.64,Normal
891,Robot,ABB,v2.0,11.146900396924782,20.805908950989966,56.68148497496123,Static,0.91,Normal
892,Robot,ABB,v1.1,86.18479261979462,56.79988641467368,65.16725111467707,Mobile,0.7,Normal
893,Sensor,Siemens,v1.1,49.41901094362334,30.523031339557875,73.0421762978518,Mobile,0.68,Degraded
894,Sensor,Bosch,v1.0,30.46308262607928,46.58757389080094,74.325328359651,Mobile,0.69,Normal
895,PLC,Siemens,v2.0,11.533276398473898,16.17042432077964,94.53923226532066,Mobile,0.91,Degraded
896,PLC,Bosch,v1.0,47.55306278598552,44.468804291021726,99.75595339293358,Static,0.9,Degraded
897,Actuator,ABB,v1.0,72.53382128171364,32.98476010321153,77.61259687447522,Static,0.64,Degraded
898,PLC,Bosch,v2.0,65.10235056766933,71.67859083890158,42.977696736412064,Static,0.6,Normal
899,Robot,Rockwell,v2.0,9.269210974437769,14.273404524802622,90.38019218354749,Mobile,0.7,Normal
900,Robot,ABB,v1.1,11.196656006271798,41.39554561887475,23.93767316326093,Static,0.74,Normal
901,Sensor,Rockwell,v2.0,39.24422902377415,44.38235680985785,38.4864682299597,Mobile,0.54,Normal
902,PLC,Siemens,v1.1,30.09969199407518,64.37545572243391,91.79085739709718,Mobile,0.88,Normal
903,Actuator,Siemens,v1.1,24.752667459764066,53.07156813176582,40.495321155148396,Static,0.69,Normal
904,Robot,Siemens,v1.1,28.885382407240655,60.04092528956358,37.65208476973988,Mobile,0.6,Normal
905,Robot,Bosch,v2.0,73.2960331802352,68.27869642388171,31.05002345121978,Static,0.46,Normal
906,Actuator,ABB,v1.0,83.98438455870757,74.66522302436415,88.72894061175332,Mobile,0.54,Normal
907,Actuator,Siemens,v1.1,39.43372903484315,33.54066225418529,60.00466073528693,Static,0.97,Normal
908,Robot,Siemens,v1.0,82.01943518126225,50.35170290229272,73.99145624433238,Mobile,0.58,Normal
909,Robot,ABB,v1.0,32.32713460606996,73.00810588293999,39.125310726002375,Static,0.5,Normal
910,Actuator,Siemens,v2.0,45.49714383922229,84.20883482237923,80.64323368089731,Static,0.68,Normal
911,Robot,Rockwell,v1.0,24.212464814359976,76.71394832828224,80.80044359696788,Mobile,0.58,Normal
912,Sensor,ABB,v1.0,59.44046358494674,37.86004469682826,45.00784199266401,Mobile,0.42,Normal
913,Sensor,ABB,v2.0,88.21339478985875,24.63748879139878,52.85461064082263,Static,0.59,Normal
914,Actuator,ABB,v1.1,56.29691316368719,46.70444030549415,36.77522219441607,Mobile,0.73,Normal
915,PLC,Rockwell,v1.0,35.414197149651656,65.62310888770317,98.12488186583235,Mobile,0.73,Normal
916,Actuator,ABB,v2.0,60.064482909194915,46.942680306497316,71.64820616467293,Mobile,0.61,Normal
917,Actuator,Rockwell,v1.0,15.448257669557943,46.238564748525135,94.76351045724124,Static,0.67,Normal
918,PLC,ABB,v1.0,80.53602182255888,72.86728158113505,44.270843490330655,Static,0.98,Normal
919,PLC,Bosch,v1.1,47.76213581628609,37.10528343003898,82.55127303975118,Mobile,0.63,Normal
920,PLC,Siemens,v1.0,43.194728073369575,74.48460061087343,81.26869151077936,Mobile,0.55,Normal
921,Sensor,Bosch,v2.0,54.79850701854913,40.51036007137927,75.33245214932333,Static,0.55,Normal
922,Robot,Siemens,v1.0,58.10662833709921,34.61748292587546,97.25111802134404,Mobile,0.67,Normal
923,Sensor,Rockwell,v1.1,11.100943529253607,44.04924333997742,51.48442688850524,Static,0.86,Normal
924,Robot,Bosch,v1.1,63.022463803989204,67.18352190061513,30.457385887180585,Mobile,0.52,Normal
925,Sensor,ABB,v2.0,25.564192826820015,19.450152089799573,73.73670873952486,Mobile,0.83,Normal
926,Robot,Siemens,v1.1,65.68597376306013,24.731441190401306,78.3447840381765,Mobile,0.41,Normal
927,Sensor,Siemens,v1.0,74.91545752265672,81.3583619247319,66.00484587670518,Static,0.65,Normal
928,PLC,Bosch,v1.1,73.33647314196422,23.161872053601805,36.5454314506717,Static,0.87,Degraded
929,Actuator,Rockwell,v2.0,51.96258222967057,52.57954884482909,60.35647533354843,Static,0.6,Normal
930,Sensor,Bosch,v1.1,49.21444084641385,53.44858499964534,44.97517892553035,Static,0.74,Normal
931,Robot,Rockwell,v1.1,17.144456713849998,46.72183465376836,54.19732225333512,Mobile,0.52,Normal
932,PLC,Rockwell,v1.1,70.90442278426653,58.355893643261396,71.61748606757311,Mobile,0.85,Normal
933,Sensor,Siemens,v2.0,28.06979733797072,27.237004434821383,79.61717941526676,Static,0.43,Degraded
934,Sensor,Bosch,v1.1,47.21911093952546,51.449670083256116,38.57797527210745,Mobile,0.91,Normal
935,PLC,Bosch,v1.1,29.16329789883892,37.91299414351728,52.42602885175627,Mobile,0.52,Normal
936,Sensor,Rockwell,v1.0,16.375410854973914,59.62504447218918,41.53292567933033,Static,0.92,Degraded
937,Actuator,Bosch,v2.0,58.51240423579761,20.59176575298621,35.89052910894953,Mobile,0.61,Normal
938,Sensor,ABB,v1.1,9.618222959946825,52.81580626296072,82.67097759966707,Mobile,0.83,Normal
939,Actuator,ABB,v2.0,68.63484490072699,23.895276653749278,92.74021555495939,Static,0.59,Fault
940,Actuator,Bosch,v1.1,31.994877597194915,30.89822973362773,49.61857485476614,Mobile,0.94,Normal
941,PLC,Bosch,v1.1,5.011448905381252,26.403235024268742,80.10231394990134,Mobile,0.48,Normal
942,Sensor,Rockwell,v1.1,48.44597683516454,23.712833490161284,91.75962314915289,Mobile,0.51,Normal
943,PLC,ABB,v1.0,8.982412224846266,71.92832136705002,87.68993684241852,Static,0.7,Normal
944,Sensor,ABB,v1.0,28.474412414776456,31.428067574566775,34.625071083138074,Static,0.45,Normal
945,Sensor,Siemens,v1.0,65.09300143373588,79.5342836398337,96.50335052106891,Mobile,0.52,Degraded
946,Robot,Rockwell,v2.0,10.328617837858598,82.74448940088932,50.134115234357,Mobile,0.97,Normal
947,Sensor,Siemens,v2.0,76.3437718502602,52.8445352452823,47.13925289390691,Mobile,0.99,Normal
948,PLC,ABB,v1.0,5.324693425979564,20.72508419992948,24.994506182222427,Static,0.63,Degraded
949,Actuator,Rockwell,v2.0,25.98002888216169,38.09111825346859,58.89389232839064,Static,0.95,Normal
950,Sensor,Bosch,v1.1,67.97684477292607,69.82991975111605,28.721089251274297,Static,0.73,Normal
951,Robot,Rockwell,v1.1,31.882962726991078,37.55430465228028,39.88318567419408,Mobile,0.56,Normal
952,PLC,Bosch,v1.1,13.66085298561115,16.526291372709156,45.35540974138251,Mobile,0.82,Degraded
953,Sensor,Bosch,v1.0,35.61988309803637,51.758868319614095,84.70610587933473,Mobile,0.8,Degraded
954,PLC,Rockwell,v2.0,27.98342934268467,73.38406386220261,90.03909203167171,Mobile,0.99,Normal
955,Robot,Bosch,v1.0,76.63051168364717,69.69447903576267,44.19730539691757,Mobile,0.56,Normal
956,Robot,Siemens,v2.0,31.634572994737166,23.134235509776495,88.69584969956591,Static,0.8,Normal
957,PLC,ABB,v1.1,72.05926010096061,60.457346080935004,88.57847498958328,Mobile,0.43,Degraded
958,Sensor,Bosch,v1.0,80.80913230891245,26.53781975767353,81.17207603078988,Mobile,0.47,Normal
959,Actuator,Siemens,v2.0,41.87448066400501,26.36556509141292,31.735609121214523,Mobile,0.4,Normal
960,Robot,Bosch,v2.0,82.34516722762332,75.55538299788888,75.22582775205832,Static,1.0,Degraded
961,Sensor,ABB,v1.1,37.07203458687139,28.725171455517263,95.6019251664455,Mobile,0.88,Normal
962,Sensor,Siemens,v1.0,86.94666540165919,29.74355098885084,74.60323830137256,Static,0.87,Normal
963,Actuator,ABB,v1.0,12.589609584673699,10.049004307097466,46.52934792862672,Static,0.71,Normal
964,Robot,ABB,v1.0,63.39663765277563,75.30017755941383,60.0463453944665,Static,0.58,Normal
965,Robot,Siemens,v1.1,46.97419343883894,69.4446109906851,71.65800346808429,Static,0.49,Normal
966,Sensor,Siemens,v1.0,37.95014846373,57.04967013180085,60.84563269828028,Static,0.57,Degraded
967,Sensor,Siemens,v1.1,58.780509693631075,66.26993229541317,29.596235338477584,Mobile,0.63,Normal
968,Actuator,Rockwell,v1.1,64.82785278891815,21.403642556836886,44.96512357216165,Mobile,0.85,Normal
969,Actuator,Siemens,v1.1,5.370877920276272,44.37426959406816,84.1916824442906,Static,0.72,Normal
970,Robot,Siemens,v2.0,19.19101254351189,36.341454051158564,88.91344368764139,Static,0.45,Normal
971,PLC,Siemens,v1.0,65.60891430391709,17.033239469276236,30.98400261724562,Static,0.41,Normal
972,Robot,Siemens,v1.0,61.64276015414755,46.45978639111931,96.19094019189797,Mobile,0.46,Normal
973,Sensor,Bosch,v1.1,87.11403793593756,79.05547377569765,46.30580942788875,Mobile,0.65,Degraded
974,Robot,Rockwell,v1.1,69.68821217131655,13.004433928802086,72.9850990984576,Static,0.96,Normal
975,PLC,ABB,v1.0,85.81568015716374,31.859568512034542,80.1460116765345,Mobile,0.78,Normal
976,Actuator,Siemens,v1.1,64.71594263045858,25.565570215427762,84.95569877103067,Mobile,0.88,Normal
977,PLC,Bosch,v1.0,30.33443773435267,27.860999024927224,95.65997617807442,Static,0.68,Degraded
978,PLC,Bosch,v2.0,13.9560183913228,78.13259139095315,45.03356384230581,Static,0.62,Normal
979,PLC,Bosch,v1.1,71.45502838431952,45.10517906757176,88.68051636412436,Mobile,0.47,Normal
980,Actuator,ABB,v1.0,59.752683825452856,44.97245597048641,30.53495227489656,Mobile,0.93,Normal
981,PLC,Siemens,v1.1,9.095811053430179,67.04317318414617,76.40327250828742,Mobile,0.87,Degraded
982,PLC,Rockwell,v1.0,35.60428960158316,21.586915300369434,79.35821836111887,Static,0.5,Normal
983,PLC,Rockwell,v1.0,86.32798431616432,46.544901557503806,74.21785929610564,Static,0.71,Normal
984,Sensor,Bosch,v1.1,47.534097385367104,42.248891059079476,40.18517889081224,Static,0.69,Normal
985,PLC,ABB,v2.0,41.781976561674895,54.76830179099921,89.84345176121627,Mobile,0.78,Normal
986,Actuator,ABB,v1.0,43.90446643853999,84.96682774378289,33.5086770696316,Mobile,0.97,Normal
987,PLC,ABB,v1.0,22.755031540438917,67.70866705615353,24.290783321666467,Static,0.75,Normal
988,PLC,Rockwell,v1.0,36.34010952350759,39.83992772630704,77.39719924895297,Mobile,0.72,Normal
989,Actuator,Bosch,v2.0,36.43412675891001,72.06647892055352,58.0380572186187,Static,0.43,Fault
990,PLC,Siemens,v2.0,9.450176715935154,22.803127248436013,87.92784159669408,Mobile,0.44,Degraded
991,Actuator,Rockwell,v1.1,70.24324842402305,12.284776473172009,50.671771284660714,Static,0.51,Normal
992,PLC,Bosch,v2.0,40.40287671182971,25.333627934820477,33.462287080617024,Mobile,0.42,Degraded
993,Actuator,Bosch,v1.1,74.88529037939598,35.53086670856948,86.91537539758957,Mobile,0.85,Normal
994,PLC,Siemens,v1.1,77.27958009519111,48.29355680946699,63.91277053120574,Static,0.83,Normal
995,PLC,Siemens,v2.0,23.019494649385937,56.134685540589984,35.13566339122839,Static,0.48,Normal
996,Sensor,Siemens,v1.1,60.875045984460925,78.29542879108163,77.63071988691566,Static,0.9,Normal
997,Sensor,ABB,v2.0,45.14395335385345,48.239050716284325,60.88909107916004,Static,0.49,Normal
998,PLC,Siemens,v1.1,79.81332272332624,47.5956733469297,68.34503857922559,Static,0.58,Normal
999,PLC,Bosch,v2.0,23.3379577299986,13.768225736723661,56.871867056526554,Mobile,0.55,Normal
1000,Robot,Siemens,v2.0,62.61412202635376,12.618366449216786,86.29671870544051,Static,0.62,Normal
